No.,Time,Source,Destination,Protocol,Length,Info,HID Data
51,8.80861,1.12.1,host,USB,35,URB_INTERRUPT in,0000080000000000
52,8.933609,1.12.1,host,USB,35,URB_INTERRUPT in,0000000000000000
53,9.114634,1.12.1,host,USB,35,URB_INTERRUPT in,00000e0000000000
54,9.229625,1.12.1,host,USB,35,URB_INTERRUPT in,0000000000000000
55,9.32961,1.12.1,host,USB,35,URB_INTERRUPT in,0000160000000000
56,9.41561,1.12.1,host,USB,35,URB_INTERRUPT in,0000000000000000
57,10.938607,1.12.1,host,USB,35,URB_INTERRUPT in,0200000000000000
58,11.47061,1.12.1,host,USB,35,URB_INTERRUPT in,02001f0000000000
59,11.580607,1.12.1,host,USB,35,URB_INTERRUPT in,0200000000000000
60,11.830633,1.12.1,host,USB,35,URB_INTERRUPT in,0000000000000000
61,15.224603,1.12.1,host,USB,35,URB_INTERRUPT in,00000b0000000000
62,15.299636,1.12.1,host,USB,35,URB_INTERRUPT in,0000000000000000
63,15.509603,1.12.1,host,USB,35,URB_INTERRUPT in,0000040000000000
64,15.615602,1.12.1,host,USB,35,URB_INTERRUPT in,0000000000000000
65,15.775604,1.12.1,host,USB,35,URB_INTERRUPT in,0000060000000000
66,15.850604,1.12.1,host,USB,35,URB_INTERRUPT in,0000000000000000
67,15.955603,1.12.1,host,USB,35,URB_INTERRUPT in,00000e0000000000
68,16.026604,1.12.1,host,USB,35,URB_INTERRUPT in,0000000000000000
69,16.236603,1.12.1,host,USB,35,URB_INTERRUPT in,0000170000000000
70,16.301604,1.12.1,host,USB,35,URB_INTERRUPT in,0000000000000000
71,16.452603,1.12.1,host,USB,35,URB_INTERRUPT in,00000b0000000000
72,16.522603,1.12.1,host,USB,35,URB_INTERRUPT in,0000000000000000
73,16.677602,1.12.1,host,USB,35,URB_INTERRUPT in,0000080000000000
74,16.757602,1.12.1,host,USB,35,URB_INTERRUPT in,0000000000000000
75,16.863625,1.12.1,host,USB,35,URB_INTERRUPT in,0000050000000000
76,16.923602,1.12.1,host,USB,35,URB_INTERRUPT in,0000000000000000
77,17.118593,1.12.1,host,USB,35,URB_INTERRUPT in,0000120000000000
78,17.193629,1.12.1,host,USB,35,URB_INTERRUPT in,0000000000000000
79,17.339602,1.12.1,host,USB,35,URB_INTERRUPT in,00001b0000000000
80,17.394602,1.12.1,host,USB,35,URB_INTERRUPT in,0000000000000000
81,17.705601,1.12.1,host,USB,35,URB_INTERRUPT in,0000370000000000
82,17.785601,1.12.1,host,USB,35,URB_INTERRUPT in,0000000000000000
83,18.101599,1.12.1,host,USB,35,URB_INTERRUPT in,0000080000000000
84,18.196601,1.12.1,host,USB,35,URB_INTERRUPT in,0000000000000000
85,18.246627,1.12.1,host,USB,35,URB_INTERRUPT in,0000180000000000
86,18.316602,1.12.1,host,USB,35,URB_INTERRUPT in,0000000000000000
87,19.5496,1.12.1,host,USB,35,URB_INTERRUPT in,0000280000000000
88,19.639859,1.12.1,host,USB,35,URB_INTERRUPT in,0000000000000000
89,21.679599,1.12.1,host,USB,35,URB_INTERRUPT in,0200000000000000
90,22.356597,1.12.1,host,USB,35,URB_INTERRUPT in,0200170000000000
91,22.431597,1.12.1,host,USB,35,URB_INTERRUPT in,0200000000000000
92,22.536597,1.12.1,host,USB,35,URB_INTERRUPT in,0000000000000000
93,23.168598,1.12.1,host,USB,35,URB_INTERRUPT in,00000b0000000000
94,23.243597,1.12.1,host,USB,35,URB_INTERRUPT in,0000000000000000
95,23.849596,1.12.1,host,USB,35,URB_INTERRUPT in,00001e0000000000
96,23.920596,1.12.1,host,USB,35,URB_INTERRUPT in,0000000000000000
97,24.366594,1.12.1,host,USB,35,URB_INTERRUPT in,0000160000000000
98,24.471621,1.12.1,host,USB,35,URB_INTERRUPT in,0000000000000000
99,25.13362,1.12.1,host,USB,35,URB_INTERRUPT in,0200000000000000
100,25.609596,1.12.1,host,USB,35,URB_INTERRUPT in,0200060000000000
101,25.709621,1.12.1,host,USB,35,URB_INTERRUPT in,0200000000000000
102,25.769619,1.12.1,host,USB,35,URB_INTERRUPT in,0000000000000000
103,26.185593,1.12.1,host,USB,35,URB_INTERRUPT in,0000270000000000
104,26.275593,1.12.1,host,USB,35,URB_INTERRUPT in,0000000000000000
105,26.646619,1.12.1,host,USB,35,URB_INTERRUPT in,0000180000000000
106,26.711619,1.12.1,host,USB,35,URB_INTERRUPT in,0000000000000000
107,27.102591,1.12.1,host,USB,35,URB_INTERRUPT in,00000f0000000000
108,27.188592,1.12.1,host,USB,35,URB_INTERRUPT in,0000000000000000
109,27.403593,1.12.1,host,USB,35,URB_INTERRUPT in,0000070000000000
110,27.488592,1.12.1,host,USB,35,URB_INTERRUPT in,0000000000000000
111,27.929591,1.12.1,host,USB,35,URB_INTERRUPT in,0200000000000000
112,28.927591,1.12.1,host,USB,35,URB_INTERRUPT in,0200050000000000
113,29.02759,1.12.1,host,USB,35,URB_INTERRUPT in,0200000000000000
114,29.248609,1.12.1,host,USB,35,URB_INTERRUPT in,0000000000000000
115,30.53659,1.12.1,host,USB,35,URB_INTERRUPT in,0000200000000000
116,30.656591,1.12.1,host,USB,35,URB_INTERRUPT in,0000000000000000
117,30.957615,1.12.1,host,USB,35,URB_INTERRUPT in,0200000000000000
118,31.222589,1.12.1,host,USB,35,URB_INTERRUPT in,0200100000000000
119,31.318616,1.12.1,host,USB,35,URB_INTERRUPT in,0200000000000000
120,31.42359,1.12.1,host,USB,35,URB_INTERRUPT in,0000000000000000
121,31.633588,1.12.1,host,USB,35,URB_INTERRUPT in,00001c0000000000
122,31.698615,1.12.1,host,USB,35,URB_INTERRUPT in,0000000000000000
123,32.165587,1.12.1,host,USB,35,URB_INTERRUPT in,0200000000000000
124,32.530588,1.12.1,host,USB,35,URB_INTERRUPT in,0200150000000000
125,32.611589,1.12.1,host,USB,35,URB_INTERRUPT in,0200000000000000
126,32.701582,1.12.1,host,USB,35,URB_INTERRUPT in,0000000000000000
127,32.90162,1.12.1,host,USB,35,URB_INTERRUPT in,0000200000000000
128,32.987588,1.12.1,host,USB,35,URB_INTERRUPT in,0000000000000000
129,33.242587,1.12.1,host,USB,35,URB_INTERRUPT in,0000040000000000
130,33.332588,1.12.1,host,USB,35,URB_INTERRUPT in,0000000000000000
131,33.458587,1.12.1,host,USB,35,URB_INTERRUPT in,00000f0000000000
132,33.533587,1.12.1,host,USB,35,URB_INTERRUPT in,0000000000000000
133,33.688587,1.12.1,host,USB,35,URB_INTERRUPT in,0200000000000000
134,33.964586,1.12.1,host,USB,35,URB_INTERRUPT in,0200130000000000
135,34.044612,1.12.1,host,USB,35,URB_INTERRUPT in,0200000000000000
136,34.600586,1.12.1,host,USB,35,URB_INTERRUPT in,02001f0000000000
137,34.726585,1.12.1,host,USB,35,URB_INTERRUPT in,0200000000000000
138,35.122585,1.12.1,host,USB,35,URB_INTERRUPT in,0000000000000000
139,35.437585,1.12.1,host,USB,35,URB_INTERRUPT in,0000160000000000
140,35.498586,1.12.1,host,USB,35,URB_INTERRUPT in,0000000000000000
141,35.588585,1.12.1,host,USB,35,URB_INTERRUPT in,0000160000000000
142,35.653586,1.12.1,host,USB,35,URB_INTERRUPT in,0000000000000000
143,36.355585,1.12.1,host,USB,35,URB_INTERRUPT in,00001a0000000000
144,36.440611,1.12.1,host,USB,35,URB_INTERRUPT in,0000000000000000
145,36.665614,1.12.1,host,USB,35,URB_INTERRUPT in,0000270000000000
146,36.746584,1.12.1,host,USB,35,URB_INTERRUPT in,0000000000000000
147,36.981585,1.12.1,host,USB,35,URB_INTERRUPT in,0000150000000000
148,37.051583,1.12.1,host,USB,35,URB_INTERRUPT in,0000000000000000
149,37.182607,1.12.1,host,USB,35,URB_INTERRUPT in,0000070000000000
150,37.262584,1.12.1,host,USB,35,URB_INTERRUPT in,0000000000000000
151,40.540581,1.12.1,host,USB,35,URB_INTERRUPT in,0000280000000000
152,40.625582,1.12.1,host,USB,35,URB_INTERRUPT in,0000000000000000
153,48.274572,1.12.1,host,USB,35,URB_INTERRUPT in,0200000000000000
154,49.271573,1.12.1,host,USB,35,URB_INTERRUPT in,0200140000000000
155,49.406599,1.12.1,host,USB,35,URB_INTERRUPT in,0200000000000000
156,52.7046,1.12.1,host,USB,35,URB_INTERRUPT in,02000e0000000000
157,52.805596,1.12.1,host,USB,35,URB_INTERRUPT in,0200000000000000
158,53.160595,1.12.1,host,USB,35,URB_INTERRUPT in,0000000000000000
159,54.869566,1.12.1,host,USB,35,URB_INTERRUPT in,0000500000000000
160,55.005593,1.12.1,host,USB,35,URB_INTERRUPT in,0000000000000000
161,55.717566,1.12.1,host,USB,35,URB_INTERRUPT in,0200000000000000
162,56.363591,1.12.1,host,USB,35,URB_INTERRUPT in,02002d0000000000
163,56.488567,1.12.1,host,USB,35,URB_INTERRUPT in,0200000000000000
164,56.769566,1.12.1,host,USB,35,URB_INTERRUPT in,0000000000000000
165,60.368562,1.12.1,host,USB,35,URB_INTERRUPT in,00004f0000000000
166,60.483564,1.12.1,host,USB,35,URB_INTERRUPT in,0000000000000000
167,61.606561,1.12.1,host,USB,35,URB_INTERRUPT in,0000370000000000
168,61.686591,1.12.1,host,USB,35,URB_INTERRUPT in,0000000000000000
169,62.744586,1.12.1,host,USB,35,URB_INTERRUPT in,0000500000000000
170,62.894561,1.12.1,host,USB,35,URB_INTERRUPT in,0000000000000000
171,63.094559,1.12.1,host,USB,35,URB_INTERRUPT in,0000500000000000
172,63.225592,1.12.1,host,USB,35,URB_INTERRUPT in,0000000000000000
173,63.445585,1.12.1,host,USB,35,URB_INTERRUPT in,0000500000000000
174,63.57656,1.12.1,host,USB,35,URB_INTERRUPT in,0000000000000000
175,63.911585,1.12.1,host,USB,35,URB_INTERRUPT in,0000500000000000
176,64.017559,1.12.1,host,USB,35,URB_INTERRUPT in,0000000000000000
177,64.342586,1.12.1,host,USB,35,URB_INTERRUPT in,0200000000000000
178,66.693582,1.12.1,host,USB,35,URB_INTERRUPT in,02000b0000000000
179,66.763557,1.12.1,host,USB,35,URB_INTERRUPT in,0200000000000000
180,66.944555,1.12.1,host,USB,35,URB_INTERRUPT in,0000000000000000
181,68.818558,1.12.1,host,USB,35,URB_INTERRUPT in,00004f0000000000
182,68.923571,1.12.1,host,USB,35,URB_INTERRUPT in,0000000000000000
183,72.723549,1.12.1,host,USB,35,URB_INTERRUPT in,0000220000000000
184,72.798551,1.12.1,host,USB,35,URB_INTERRUPT in,0000000000000000
185,75.810549,1.12.1,host,USB,35,URB_INTERRUPT in,0000500000000000
186,75.915574,1.12.1,host,USB,35,URB_INTERRUPT in,0000000000000000
187,76.517547,1.12.1,host,USB,35,URB_INTERRUPT in,0000500000000000
188,76.647573,1.12.1,host,USB,35,URB_INTERRUPT in,0000000000000000
189,76.993548,1.12.1,host,USB,35,URB_INTERRUPT in,0200000000000000
190,78.286573,1.12.1,host,USB,35,URB_INTERRUPT in,02002f0000000000
191,78.361544,1.12.1,host,USB,35,URB_INTERRUPT in,0200000000000000
192,78.572547,1.12.1,host,USB,35,URB_INTERRUPT in,0000000000000000
193,83.043542,1.12.1,host,USB,35,URB_INTERRUPT in,0200000000000000
194,83.423567,1.12.1,host,USB,35,URB_INTERRUPT in,02002d0000000000
195,83.499542,1.12.1,host,USB,35,URB_INTERRUPT in,0200000000000000
196,83.704571,1.12.1,host,USB,35,URB_INTERRUPT in,0000000000000000
197,94.375533,1.12.1,host,USB,35,URB_INTERRUPT in,0000500000000000
198,94.450557,1.12.1,host,USB,35,URB_INTERRUPT in,0000000000000000
199,105.111522,1.12.1,host,USB,35,URB_INTERRUPT in,0200000000000000
200,105.622547,1.12.1,host,USB,35,URB_INTERRUPT in,02000c0000000000
201,105.702519,1.12.1,host,USB,35,URB_INTERRUPT in,0200000000000000
202,105.993521,1.12.1,host,USB,35,URB_INTERRUPT in,0000000000000000
203,110.679543,1.12.1,host,USB,35,URB_INTERRUPT in,00004f0000000000
204,110.785516,1.12.1,host,USB,35,URB_INTERRUPT in,0000000000000000
205,111.065515,1.12.1,host,USB,35,URB_INTERRUPT in,00004f0000000000
206,111.151517,1.12.1,host,USB,35,URB_INTERRUPT in,0000000000000000
207,113.256514,1.12.1,host,USB,35,URB_INTERRUPT in,0000060000000000
208,113.366516,1.12.1,host,USB,35,URB_INTERRUPT in,0000000000000000
209,113.561539,1.12.1,host,USB,35,URB_INTERRUPT in,00000e0000000000
210,113.642514,1.12.1,host,USB,35,URB_INTERRUPT in,0000000000000000
211,116.233513,1.12.1,host,USB,35,URB_INTERRUPT in,00004f0000000000
212,116.383512,1.12.1,host,USB,35,URB_INTERRUPT in,0000000000000000
213,118.132536,1.12.1,host,USB,35,URB_INTERRUPT in,0000340000000000
214,118.218511,1.12.1,host,USB,35,URB_INTERRUPT in,0000000000000000
215,118.799535,1.12.1,host,USB,35,URB_INTERRUPT in,00004f0000000000
216,118.924535,1.12.1,host,USB,35,URB_INTERRUPT in,0000000000000000
217,119.20551,1.12.1,host,USB,35,URB_INTERRUPT in,00004f0000000000
218,119.325535,1.12.1,host,USB,35,URB_INTERRUPT in,0000000000000000
219,121.656533,1.12.1,host,USB,35,URB_INTERRUPT in,0000050000000000
220,121.736507,1.12.1,host,USB,35,URB_INTERRUPT in,0000000000000000
221,122.207506,1.12.1,host,USB,35,URB_INTERRUPT in,0000270000000000
222,122.292506,1.12.1,host,USB,35,URB_INTERRUPT in,0000000000000000
223,124.35753,1.12.1,host,USB,35,URB_INTERRUPT in,0000500000000000
224,124.483503,1.12.1,host,USB,35,URB_INTERRUPT in,0000000000000000
225,124.86953,1.12.1,host,USB,35,URB_INTERRUPT in,0000500000000000
226,124.999504,1.12.1,host,USB,35,URB_INTERRUPT in,0000000000000000
227,125.245495,1.12.1,host,USB,35,URB_INTERRUPT in,0000500000000000
228,125.380504,1.12.1,host,USB,35,URB_INTERRUPT in,0000000000000000
229,125.696502,1.12.1,host,USB,35,URB_INTERRUPT in,0000500000000000
230,125.836503,1.12.1,host,USB,35,URB_INTERRUPT in,0000000000000000
231,126.016528,1.12.1,host,USB,35,URB_INTERRUPT in,0000500000000000
232,126.142501,1.12.1,host,USB,35,URB_INTERRUPT in,0000000000000000
233,126.287501,1.12.1,host,USB,35,URB_INTERRUPT in,0000500000000000
234,126.407527,1.12.1,host,USB,35,URB_INTERRUPT in,0000000000000000
235,126.513528,1.12.1,host,USB,35,URB_INTERRUPT in,0000500000000000
236,126.633641,1.12.1,host,USB,35,URB_INTERRUPT in,0000000000000000
237,126.793501,1.12.1,host,USB,35,URB_INTERRUPT in,0000500000000000
238,126.924501,1.12.1,host,USB,35,URB_INTERRUPT in,0000000000000000
239,127.229527,1.12.1,host,USB,35,URB_INTERRUPT in,0000500000000000
240,127.340501,1.12.1,host,USB,35,URB_INTERRUPT in,0000000000000000
241,127.726502,1.12.1,host,USB,35,URB_INTERRUPT in,0200000000000000
242,128.2925,1.12.1,host,USB,35,URB_INTERRUPT in,02000c0000000000
243,128.382501,1.12.1,host,USB,35,URB_INTERRUPT in,0200000000000000
244,128.568526,1.12.1,host,USB,35,URB_INTERRUPT in,0000000000000000
245,129.956525,1.12.1,host,USB,35,URB_INTERRUPT in,0000500000000000
246,130.086526,1.12.1,host,USB,35,URB_INTERRUPT in,0000000000000000
247,130.397525,1.12.1,host,USB,35,URB_INTERRUPT in,0000500000000000
248,130.527498,1.12.1,host,USB,35,URB_INTERRUPT in,0000000000000000
249,130.663498,1.12.1,host,USB,35,URB_INTERRUPT in,0000500000000000
250,130.783525,1.12.1,host,USB,35,URB_INTERRUPT in,0000000000000000
251,130.938497,1.12.1,host,USB,35,URB_INTERRUPT in,0000500000000000
252,131.054499,1.12.1,host,USB,35,URB_INTERRUPT in,0000000000000000
253,131.881497,1.12.1,host,USB,35,URB_INTERRUPT in,0200000000000000
254,132.176496,1.12.1,host,USB,35,URB_INTERRUPT in,0200170000000000
255,132.287497,1.12.1,host,USB,35,URB_INTERRUPT in,0200000000000000
256,132.462833,1.12.1,host,USB,35,URB_INTERRUPT in,0000000000000000
257,133.179497,1.12.1,host,USB,35,URB_INTERRUPT in,00004f0000000000
258,133.324497,1.12.1,host,USB,35,URB_INTERRUPT in,0000000000000000
259,133.560496,1.12.1,host,USB,35,URB_INTERRUPT in,00004f0000000000
260,133.665521,1.12.1,host,USB,35,URB_INTERRUPT in,0000000000000000
261,135.073495,1.12.1,host,USB,35,URB_INTERRUPT in,0000090000000000
262,135.159494,1.12.1,host,USB,35,URB_INTERRUPT in,0000000000000000
263,136.031494,1.12.1,host,USB,35,URB_INTERRUPT in,00004f0000000000
264,136.151493,1.12.1,host,USB,35,URB_INTERRUPT in,0000000000000000
265,136.331494,1.12.1,host,USB,35,URB_INTERRUPT in,00004f0000000000
266,136.437518,1.12.1,host,USB,35,URB_INTERRUPT in,0000000000000000
267,136.642519,1.12.1,host,USB,35,URB_INTERRUPT in,00004f0000000000
268,136.77852,1.12.1,host,USB,35,URB_INTERRUPT in,0000000000000000
269,138.632518,1.12.1,host,USB,35,URB_INTERRUPT in,00004f0000000000
270,138.77249,1.12.1,host,USB,35,URB_INTERRUPT in,0000000000000000
271,139.07355,1.12.1,host,USB,35,URB_INTERRUPT in,00004f0000000000
272,139.193517,1.12.1,host,USB,35,URB_INTERRUPT in,0000000000000000
273,139.910516,1.12.1,host,USB,35,URB_INTERRUPT in,00004f0000000000
274,140.000515,1.12.1,host,USB,35,URB_INTERRUPT in,0000000000000000
275,142.196487,1.12.1,host,USB,35,URB_INTERRUPT in,0200000000000000
276,143.068512,1.12.1,host,USB,35,URB_INTERRUPT in,02002d0000000000
277,143.168486,1.12.1,host,USB,35,URB_INTERRUPT in,0200000000000000
278,143.298486,1.12.1,host,USB,35,URB_INTERRUPT in,0000000000000000
279,144.501512,1.12.1,host,USB,35,URB_INTERRUPT in,00004f0000000000
280,144.606486,1.12.1,host,USB,35,URB_INTERRUPT in,0000000000000000
281,145.489512,1.12.1,host,USB,35,URB_INTERRUPT in,00004f0000000000
282,145.599486,1.12.1,host,USB,35,URB_INTERRUPT in,0000000000000000
283,146.205484,1.12.1,host,USB,35,URB_INTERRUPT in,00004f0000000000
284,146.336484,1.12.1,host,USB,35,URB_INTERRUPT in,0000000000000000
285,146.55151,1.12.1,host,USB,35,URB_INTERRUPT in,00004f0000000000
286,146.686484,1.12.1,host,USB,35,URB_INTERRUPT in,0000000000000000
287,146.872485,1.12.1,host,USB,35,URB_INTERRUPT in,00004f0000000000
288,147.022509,1.12.1,host,USB,35,URB_INTERRUPT in,0000000000000000
289,147.313484,1.12.1,host,USB,35,URB_INTERRUPT in,00004f0000000000
290,147.418481,1.12.1,host,USB,35,URB_INTERRUPT in,0000000000000000
291,148.300481,1.12.1,host,USB,35,URB_INTERRUPT in,0200000000000000
292,149.162482,1.12.1,host,USB,35,URB_INTERRUPT in,0200300000000000
293,149.233482,1.12.1,host,USB,35,URB_INTERRUPT in,0200000000000000
294,149.443508,1.12.1,host,USB,35,URB_INTERRUPT in,0000000000000000
295,150.736511,1.12.1,host,USB,35,URB_INTERRUPT in,0000500000000000
296,150.867506,1.12.1,host,USB,35,URB_INTERRUPT in,0000000000000000
297,152.18548,1.12.1,host,USB,35,URB_INTERRUPT in,0000370000000000
298,152.270481,1.12.1,host,USB,35,URB_INTERRUPT in,0000000000000000
299,152.906478,1.12.1,host,USB,35,URB_INTERRUPT in,0000500000000000
300,153.01248,1.12.1,host,USB,35,URB_INTERRUPT in,0000000000000000
301,154.295476,1.12.1,host,USB,35,URB_INTERRUPT in,0000370000000000
302,154.370476,1.12.1,host,USB,35,URB_INTERRUPT in,0000000000000000
303,155.478502,1.12.1,host,USB,35,URB_INTERRUPT in,0000500000000000
304,155.588502,1.12.1,host,USB,35,URB_INTERRUPT in,0000000000000000
305,155.768501,1.12.1,host,USB,35,URB_INTERRUPT in,0000500000000000
306,155.889475,1.12.1,host,USB,35,URB_INTERRUPT in,0000000000000000
307,156.039473,1.12.1,host,USB,35,URB_INTERRUPT in,0000500000000000
308,156.159501,1.12.1,host,USB,35,URB_INTERRUPT in,0000000000000000
309,156.445499,1.12.1,host,USB,35,URB_INTERRUPT in,0000500000000000
310,156.565507,1.12.1,host,USB,35,URB_INTERRUPT in,0000000000000000
311,159.352497,1.12.1,host,USB,35,URB_INTERRUPT in,0000200000000000
312,159.477472,1.12.1,host,USB,35,URB_INTERRUPT in,0000000000000000
313,159.858497,1.12.1,host,USB,35,URB_INTERRUPT in,0000500000000000
314,159.979472,1.12.1,host,USB,35,URB_INTERRUPT in,0000000000000000
315,160.279471,1.12.1,host,USB,35,URB_INTERRUPT in,0000500000000000
316,160.405497,1.12.1,host,USB,35,URB_INTERRUPT in,0000000000000000
317,160.916472,1.12.1,host,USB,35,URB_INTERRUPT in,0000500000000000
318,161.026498,1.12.1,host,USB,35,URB_INTERRUPT in,0000000000000000
319,161.161496,1.12.1,host,USB,35,URB_INTERRUPT in,0000500000000000
320,161.27747,1.12.1,host,USB,35,URB_INTERRUPT in,0000000000000000
321,161.808496,1.12.1,host,USB,35,URB_INTERRUPT in,0000500000000000
322,161.92347,1.12.1,host,USB,35,URB_INTERRUPT in,0000000000000000
323,162.324468,1.12.1,host,USB,35,URB_INTERRUPT in,0000500000000000
324,162.4455,1.12.1,host,USB,35,URB_INTERRUPT in,0000000000000000
325,162.820468,1.12.1,host,USB,35,URB_INTERRUPT in,0000500000000000
326,162.951468,1.12.1,host,USB,35,URB_INTERRUPT in,0000000000000000
327,163.542468,1.12.1,host,USB,35,URB_INTERRUPT in,0000500000000000
328,163.627469,1.12.1,host,USB,35,URB_INTERRUPT in,0000000000000000
329,165.321492,1.12.1,host,USB,35,URB_INTERRUPT in,0000180000000000
330,165.417466,1.12.1,host,USB,35,URB_INTERRUPT in,0000000000000000
331,167.111465,1.12.1,host,USB,35,URB_INTERRUPT in,0000500000000000
332,167.226492,1.12.1,host,USB,35,URB_INTERRUPT in,0000000000000000
333,167.657465,1.12.1,host,USB,35,URB_INTERRUPT in,0000500000000000
334,167.78249,1.12.1,host,USB,35,URB_INTERRUPT in,0000000000000000
335,169.071493,1.12.1,host,USB,35,URB_INTERRUPT in,0000170000000000
336,169.15149,1.12.1,host,USB,35,URB_INTERRUPT in,0000000000000000
337,169.502488,1.12.1,host,USB,35,URB_INTERRUPT in,0200000000000000
338,169.857464,1.12.1,host,USB,35,URB_INTERRUPT in,02002d0000000000
339,169.938463,1.12.1,host,USB,35,URB_INTERRUPT in,0200000000000000
340,170.093461,1.12.1,host,USB,35,URB_INTERRUPT in,0000000000000000
341,171.531462,1.12.1,host,USB,35,URB_INTERRUPT in,00004f0000000000
342,171.667487,1.12.1,host,USB,35,URB_INTERRUPT in,0000000000000000
343,171.902486,1.12.1,host,USB,35,URB_INTERRUPT in,00004f0000000000
344,171.99846,1.12.1,host,USB,35,URB_INTERRUPT in,0000000000000000
345,172.820486,1.12.1,host,USB,35,URB_INTERRUPT in,0000040000000000
346,172.895461,1.12.1,host,USB,35,URB_INTERRUPT in,0000000000000000
347,174.168496,1.12.1,host,USB,35,URB_INTERRUPT in,0000500000000000
348,174.36346,1.12.1,host,USB,35,URB_INTERRUPT in,0000000000000000
349,174.719457,1.12.1,host,USB,35,URB_INTERRUPT in,0000500000000000
350,174.860456,1.12.1,host,USB,35,URB_INTERRUPT in,0000000000000000
351,175.040458,1.12.1,host,USB,35,URB_INTERRUPT in,0000500000000000
352,175.165458,1.12.1,host,USB,35,URB_INTERRUPT in,0000000000000000
353,175.316457,1.12.1,host,USB,35,URB_INTERRUPT in,0000500000000000
354,175.421458,1.12.1,host,USB,35,URB_INTERRUPT in,0000000000000000
355,175.541458,1.12.1,host,USB,35,URB_INTERRUPT in,0000500000000000
356,175.64149,1.12.1,host,USB,35,URB_INTERRUPT in,0000000000000000
357,175.752458,1.12.1,host,USB,35,URB_INTERRUPT in,0000500000000000
358,175.837457,1.12.1,host,USB,35,URB_INTERRUPT in,0000000000000000
359,175.937458,1.12.1,host,USB,35,URB_INTERRUPT in,0000500000000000
360,176.017457,1.12.1,host,USB,35,URB_INTERRUPT in,0000000000000000
361,176.128453,1.12.1,host,USB,35,URB_INTERRUPT in,0000500000000000
362,176.223457,1.12.1,host,USB,35,URB_INTERRUPT in,0000000000000000
363,176.448456,1.12.1,host,USB,35,URB_INTERRUPT in,0000500000000000
364,176.554483,1.12.1,host,USB,35,URB_INTERRUPT in,0000000000000000
365,176.789457,1.12.1,host,USB,35,URB_INTERRUPT in,0000500000000000
366,176.884457,1.12.1,host,USB,35,URB_INTERRUPT in,0000000000000000
367,177.145482,1.12.1,host,USB,35,URB_INTERRUPT in,0200000000000000
368,177.616472,1.12.1,host,USB,35,URB_INTERRUPT in,0200050000000000
369,177.691455,1.12.1,host,USB,35,URB_INTERRUPT in,0200000000000000
370,177.862455,1.12.1,host,USB,35,URB_INTERRUPT in,0000000000000000
371,178.378456,1.12.1,host,USB,35,URB_INTERRUPT in,00004f0000000000
372,178.508455,1.12.1,host,USB,35,URB_INTERRUPT in,0000000000000000
373,178.709454,1.12.1,host,USB,35,URB_INTERRUPT in,00004f0000000000
374,178.824462,1.12.1,host,USB,35,URB_INTERRUPT in,0000000000000000
375,178.984455,1.12.1,host,USB,35,URB_INTERRUPT in,00004f0000000000
376,179.090454,1.12.1,host,USB,35,URB_INTERRUPT in,0000000000000000
377,179.230455,1.12.1,host,USB,35,URB_INTERRUPT in,00004f0000000000
378,179.33048,1.12.1,host,USB,35,URB_INTERRUPT in,0000000000000000
379,179.471454,1.12.1,host,USB,35,URB_INTERRUPT in,00004f0000000000
380,179.586455,1.12.1,host,USB,35,URB_INTERRUPT in,0000000000000000
381,179.73148,1.12.1,host,USB,35,URB_INTERRUPT in,00004f0000000000
382,179.842453,1.12.1,host,USB,35,URB_INTERRUPT in,0000000000000000
383,179.992453,1.12.1,host,USB,35,URB_INTERRUPT in,00004f0000000000
384,180.082455,1.12.1,host,USB,35,URB_INTERRUPT in,0000000000000000
385,180.243479,1.12.1,host,USB,35,URB_INTERRUPT in,00004f0000000000
386,180.348452,1.12.1,host,USB,35,URB_INTERRUPT in,0000000000000000
387,180.498453,1.12.1,host,USB,35,URB_INTERRUPT in,00004f0000000000
388,180.598483,1.12.1,host,USB,35,URB_INTERRUPT in,0000000000000000
389,180.759453,1.12.1,host,USB,35,URB_INTERRUPT in,00004f0000000000
390,180.839477,1.12.1,host,USB,35,URB_INTERRUPT in,0000000000000000
391,181.024479,1.12.1,host,USB,35,URB_INTERRUPT in,00004f0000000000
392,181.130452,1.12.1,host,USB,35,URB_INTERRUPT in,0000000000000000
393,181.270454,1.12.1,host,USB,35,URB_INTERRUPT in,00004f0000000000
394,181.370478,1.12.1,host,USB,35,URB_INTERRUPT in,0000000000000000
395,181.566477,1.12.1,host,USB,35,URB_INTERRUPT in,00004f0000000000
396,181.676452,1.12.1,host,USB,35,URB_INTERRUPT in,0000000000000000
397,182.01748,1.12.1,host,USB,35,URB_INTERRUPT in,00004f0000000000
398,182.137479,1.12.1,host,USB,35,URB_INTERRUPT in,0000000000000000
399,187.716449,1.12.1,host,USB,35,URB_INTERRUPT in,0000170000000000
400,187.801473,1.12.1,host,USB,35,URB_INTERRUPT in,0000000000000000
401,188.573448,1.12.1,host,USB,35,URB_INTERRUPT in,00004f0000000000
402,188.678447,1.12.1,host,USB,35,URB_INTERRUPT in,0000000000000000
403,190.14647,1.12.1,host,USB,35,URB_INTERRUPT in,0000220000000000
404,190.232445,1.12.1,host,USB,35,URB_INTERRUPT in,0000000000000000
405,192.25745,1.12.1,host,USB,35,URB_INTERRUPT in,0000500000000000
406,192.367443,1.12.1,host,USB,35,URB_INTERRUPT in,0000000000000000
407,192.648442,1.12.1,host,USB,35,URB_INTERRUPT in,0000500000000000
408,192.788441,1.12.1,host,USB,35,URB_INTERRUPT in,0000000000000000
409,193.139467,1.12.1,host,USB,35,URB_INTERRUPT in,0000500000000000
410,193.229467,1.12.1,host,USB,35,URB_INTERRUPT in,0000000000000000
411,193.379465,1.12.1,host,USB,35,URB_INTERRUPT in,0200000000000000
412,194.001442,1.12.1,host,USB,35,URB_INTERRUPT in,02000c0000000000
413,194.076442,1.12.1,host,USB,35,URB_INTERRUPT in,0200000000000000
414,194.266467,1.12.1,host,USB,35,URB_INTERRUPT in,0000000000000000
415,196.592439,1.12.1,host,USB,35,URB_INTERRUPT in,00004f0000000000
416,196.727438,1.12.1,host,USB,35,URB_INTERRUPT in,0000000000000000
417,197.053438,1.12.1,host,USB,35,URB_INTERRUPT in,00004f0000000000
418,197.158438,1.12.1,host,USB,35,URB_INTERRUPT in,0000000000000000
419,197.529438,1.12.1,host,USB,35,URB_INTERRUPT in,00004f0000000000
420,197.670438,1.12.1,host,USB,35,URB_INTERRUPT in,0000000000000000
421,205.54443,1.12.1,host,USB,35,URB_INTERRUPT in,0200000000000000
422,205.829456,1.12.1,host,USB,35,URB_INTERRUPT in,02002d0000000000
423,205.905429,1.12.1,host,USB,35,URB_INTERRUPT in,0200000000000000
424,206.281429,1.12.1,host,USB,35,URB_INTERRUPT in,0000000000000000
425,207.02743,1.12.1,host,USB,35,URB_INTERRUPT in,00004f0000000000
426,207.168429,1.12.1,host,USB,35,URB_INTERRUPT in,0000000000000000
427,207.488427,1.12.1,host,USB,35,URB_INTERRUPT in,00004f0000000000
428,207.619429,1.12.1,host,USB,35,URB_INTERRUPT in,0000000000000000
429,208.220429,1.12.1,host,USB,35,URB_INTERRUPT in,00004f0000000000
430,208.356428,1.12.1,host,USB,35,URB_INTERRUPT in,0000000000000000
431,208.746452,1.12.1,host,USB,35,URB_INTERRUPT in,00004f0000000000
432,208.867427,1.12.1,host,USB,35,URB_INTERRUPT in,0000000000000000
433,209.042428,1.12.1,host,USB,35,URB_INTERRUPT in,00004f0000000000
434,209.157428,1.12.1,host,USB,35,URB_INTERRUPT in,0000000000000000
435,209.543427,1.12.1,host,USB,35,URB_INTERRUPT in,0000040000000000
436,209.629427,1.12.1,host,USB,35,URB_INTERRUPT in,0000000000000000
437,210.290425,1.12.1,host,USB,35,URB_INTERRUPT in,0000500000000000
438,210.416451,1.12.1,host,USB,35,URB_INTERRUPT in,0000000000000000
439,210.576451,1.12.1,host,USB,35,URB_INTERRUPT in,0000500000000000
440,210.681457,1.12.1,host,USB,35,URB_INTERRUPT in,0000000000000000
441,210.816426,1.12.1,host,USB,35,URB_INTERRUPT in,0000500000000000
442,210.912427,1.12.1,host,USB,35,URB_INTERRUPT in,0000000000000000
443,211.037427,1.12.1,host,USB,35,URB_INTERRUPT in,0000500000000000
444,211.142426,1.12.1,host,USB,35,URB_INTERRUPT in,0000000000000000
445,211.278424,1.12.1,host,USB,35,URB_INTERRUPT in,0000500000000000
446,211.398424,1.12.1,host,USB,35,URB_INTERRUPT in,0000000000000000
447,211.849424,1.12.1,host,USB,35,URB_INTERRUPT in,0000500000000000
448,211.974454,1.12.1,host,USB,35,URB_INTERRUPT in,0000000000000000
449,212.410424,1.12.1,host,USB,35,URB_INTERRUPT in,0000040000000000
450,212.511425,1.12.1,host,USB,35,URB_INTERRUPT in,0000000000000000
451,212.932422,1.12.1,host,USB,35,URB_INTERRUPT in,00004f0000000000
452,213.077424,1.12.1,host,USB,35,URB_INTERRUPT in,0000000000000000
453,213.448422,1.12.1,host,USB,35,URB_INTERRUPT in,00004f0000000000
454,213.583449,1.12.1,host,USB,35,URB_INTERRUPT in,0000000000000000
455,215.683422,1.12.1,host,USB,35,URB_INTERRUPT in,00004f0000000000
456,215.804421,1.12.1,host,USB,35,URB_INTERRUPT in,0000000000000000
457,216.25042,1.12.1,host,USB,35,URB_INTERRUPT in,00004f0000000000
458,216.380422,1.12.1,host,USB,35,URB_INTERRUPT in,0000000000000000
459,216.866419,1.12.1,host,USB,35,URB_INTERRUPT in,00004f0000000000
460,216.986419,1.12.1,host,USB,35,URB_INTERRUPT in,0000000000000000
461,217.192421,1.12.1,host,USB,35,URB_INTERRUPT in,00004f0000000000
462,217.312421,1.12.1,host,USB,35,URB_INTERRUPT in,0000000000000000
463,219.698418,1.12.1,host,USB,35,URB_INTERRUPT in,0000070000000000
464,219.783417,1.12.1,host,USB,35,URB_INTERRUPT in,0000000000000000
465,220.159442,1.12.1,host,USB,35,URB_INTERRUPT in,0000500000000000
466,220.254419,1.12.1,host,USB,35,URB_INTERRUPT in,0000000000000000
467,220.490417,1.12.1,host,USB,35,URB_INTERRUPT in,0000500000000000
468,220.590415,1.12.1,host,USB,35,URB_INTERRUPT in,0000000000000000
469,220.740444,1.12.1,host,USB,35,URB_INTERRUPT in,0000500000000000
470,220.856417,1.12.1,host,USB,35,URB_INTERRUPT in,0000000000000000
471,221.011415,1.12.1,host,USB,35,URB_INTERRUPT in,0000500000000000
472,221.116443,1.12.1,host,USB,35,URB_INTERRUPT in,0000000000000000
473,222.044441,1.12.1,host,USB,35,URB_INTERRUPT in,00001c0000000000
474,222.099414,1.12.1,host,USB,35,URB_INTERRUPT in,0000000000000000
475,222.259416,1.12.1,host,USB,35,URB_INTERRUPT in,00004f0000000000
476,222.349414,1.12.1,host,USB,35,URB_INTERRUPT in,0000000000000000
477,222.846413,1.12.1,host,USB,35,URB_INTERRUPT in,00004f0000000000
478,222.991415,1.12.1,host,USB,35,URB_INTERRUPT in,0000000000000000
479,223.422442,1.12.1,host,USB,35,URB_INTERRUPT in,00004f0000000000
480,223.507414,1.12.1,host,USB,35,URB_INTERRUPT in,0000000000000000
481,224.114414,1.12.1,host,USB,35,URB_INTERRUPT in,0000150000000000
482,224.189414,1.12.1,host,USB,35,URB_INTERRUPT in,0000000000000000
