CopiedTimestamp,SourceFile,DestinationFile,FileSize,SourceFileSha1,DeferredCopy,CreatedOnUtc,ModifiedOnUtc,LastAccessedOnUtc,CopyDuration
22:11.7,C:\Users\Administrator\NTUSER.DAT,C:\Users\happy.grunwald\Desktop\acq\C\Users\Administrator\NTUSER.DAT,786432,6A105364B55C99FBA46605155910C26775EF2254,FALSE,22:38.5,17:30.4,17:30.4,0:00:00
22:11.8,C:\Users\CyberJunkie\NTUSER.DAT,C:\Users\happy.grunwald\Desktop\acq\C\Users\CyberJunkie\NTUSER.DAT,1048576,1F380670288FD54E0AA2CC5E4376FB76A36A2B7B,FALSE,12:53.9,17:30.4,17:30.4,0:00:00
22:11.8,C:\Users\Default\NTUSER.DAT,C:\Users\happy.grunwald\Desktop\acq\C\Users\Default\NTUSER.DAT,262144,24787A28A907B8217FF70BB9F08DA42BD0E7C3E0,FALSE,03:44.6,17:30.3,17:30.3,0:00:00
22:11.8,C:\Users\defaultuser0\NTUSER.DAT,C:\Users\happy.grunwald\Desktop\acq\C\Users\defaultuser0\NTUSER.DAT,524288,091DD763D9C24255ABE218108D44D02E9060647C,FALSE,51:51.4,02:42.3,02:42.3,00:00.0
22:11.8,C:\Users\Administrator\ntuser.dat.LOG1,C:\Users\happy.grunwald\Desktop\acq\C\Users\Administrator\ntuser.dat.LOG1,73728,DD066DFECAECF3E91865B089E21F2F35A7033FF2,FALSE,22:38.5,22:38.5,22:38.5,0:00:00
22:11.8,C:\Users\Administrator\ntuser.dat.LOG2,C:\Users\happy.grunwald\Desktop\acq\C\Users\Administrator\ntuser.dat.LOG2,0,DA39A3EE5E6B4B0D3255BFEF95601890AFD80709,FALSE,22:38.5,22:38.5,22:38.5,0:00:00
22:11.8,C:\Users\CyberJunkie\ntuser.dat.LOG1,C:\Users\happy.grunwald\Desktop\acq\C\Users\CyberJunkie\ntuser.dat.LOG1,163840,0306948A7196CAC48526BBEEBCF65372D0074989,FALSE,12:54.0,12:54.0,12:54.0,00:00.0
22:11.8,C:\Users\CyberJunkie\ntuser.dat.LOG2,C:\Users\happy.grunwald\Desktop\acq\C\Users\CyberJunkie\ntuser.dat.LOG2,258048,4AC8755BDD836019D056D6D93F902108CED526D0,FALSE,12:54.0,12:54.0,12:54.0,0:00:00
22:11.8,C:\Users\Default\NTUSER.DAT.LOG1,C:\Users\happy.grunwald\Desktop\acq\C\Users\Default\NTUSER.DAT.LOG1,45056,BDA04AAECD9BBB969FAA655B978CE4101AC78ECC,FALSE,03:44.7,03:44.7,12:31.2,0:00:00
22:11.9,C:\Users\Default\NTUSER.DAT.LOG2,C:\Users\happy.grunwald\Desktop\acq\C\Users\Default\NTUSER.DAT.LOG2,20480,2E2AA828853A768009D92EA0502AC61CD1C61D79,FALSE,03:44.7,03:44.7,12:31.2,0:00:00
22:11.9,C:\Users\Administrator\AppData\Local\Microsoft\Windows\UsrClass.dat,C:\Users\happy.grunwald\Desktop\acq\C\Users\Administrator\AppData\Local\Microsoft\Windows\UsrClass.dat,1572864,05A43E2AD9E4A098477E659DAEA7D3ACF1EF8FD9,FALSE,22:38.6,17:30.4,17:30.4,0:00:00
22:11.9,C:\Users\CyberJunkie\AppData\Local\Microsoft\Windows\UsrClass.dat,C:\Users\happy.grunwald\Desktop\acq\C\Users\CyberJunkie\AppData\Local\Microsoft\Windows\UsrClass.dat,2883584,9B3BEC62CD79915886CF10494AE1197EE24F9B77,FALSE,12:54.0,17:30.4,17:30.4,00:00.0
22:11.9,C:\Users\Default\AppData\Local\Microsoft\Windows\UsrClass.dat,C:\Users\happy.grunwald\Desktop\acq\C\Users\Default\AppData\Local\Microsoft\Windows\UsrClass.dat,8192,5561338376DFA025495707D11AD0686293924F6E,FALSE,04:32.1,03:53.1,03:53.1,0:00:00
22:11.9,C:\Users\defaultuser0\AppData\Local\Microsoft\Windows\UsrClass.dat,C:\Users\happy.grunwald\Desktop\acq\C\Users\defaultuser0\AppData\Local\Microsoft\Windows\UsrClass.dat,524288,4C9DB02AA8858C9000A8B40A3DBAFCAB67DF4A81,FALSE,51:51.5,02:42.3,02:42.3,00:00.0
22:11.9,C:\Users\Administrator\AppData\Local\Microsoft\Windows\UsrClass.dat.LOG1,C:\Users\happy.grunwald\Desktop\acq\C\Users\Administrator\AppData\Local\Microsoft\Windows\UsrClass.dat.LOG1,81920,CA5ED2F2CC530F9CC4CD265BC9FC8A35CE12C0FC,FALSE,22:38.6,22:38.6,22:38.6,0:00:00
22:12.0,C:\Users\Administrator\AppData\Local\Microsoft\Windows\UsrClass.dat.LOG2,C:\Users\happy.grunwald\Desktop\acq\C\Users\Administrator\AppData\Local\Microsoft\Windows\UsrClass.dat.LOG2,419840,48352C658F57769D59E6D61FB8C0AC3C137E52E9,FALSE,22:38.6,22:38.6,22:38.6,0:00:00
22:12.0,C:\Users\CyberJunkie\AppData\Local\Microsoft\Windows\UsrClass.dat.LOG1,C:\Users\happy.grunwald\Desktop\acq\C\Users\CyberJunkie\AppData\Local\Microsoft\Windows\UsrClass.dat.LOG1,61440,2DD4AD82AAD7498E3E9E06EC5E6045AA4323CC80,FALSE,12:54.0,12:54.0,12:54.0,0:00:00
22:12.0,C:\Users\CyberJunkie\AppData\Local\Microsoft\Windows\UsrClass.dat.LOG2,C:\Users\happy.grunwald\Desktop\acq\C\Users\CyberJunkie\AppData\Local\Microsoft\Windows\UsrClass.dat.LOG2,736256,5D84165C13F57F81875F004020560009C65ADFB6,FALSE,12:54.0,12:54.0,12:54.0,0:00:00
22:12.0,C:\Users\Default\AppData\Local\Microsoft\Windows\UsrClass.dat.LOG1,C:\Users\happy.grunwald\Desktop\acq\C\Users\Default\AppData\Local\Microsoft\Windows\UsrClass.dat.LOG1,8192,05F248756E50F2EE1032EF6C2AA355DC4A77A2D5,FALSE,04:32.1,04:32.1,04:32.1,0:00:00
22:12.0,C:\Users\Default\AppData\Local\Microsoft\Windows\UsrClass.dat.LOG2,C:\Users\happy.grunwald\Desktop\acq\C\Users\Default\AppData\Local\Microsoft\Windows\UsrClass.dat.LOG2,8192,388869887AEF769C45F1146B1176B8AC9A2FE572,FALSE,04:32.1,04:32.1,04:32.1,0:00:00
22:12.0,C:\Users\defaultuser0\AppData\Local\Microsoft\Windows\UsrClass.dat.LOG2,C:\Users\happy.grunwald\Desktop\acq\C\Users\defaultuser0\AppData\Local\Microsoft\Windows\UsrClass.dat.LOG2,131072,0CFCDA9C613F29876B9C66225B2A452E912CB073,FALSE,51:51.5,51:51.5,51:51.5,00:00.0
22:12.0,C:\Windows\prefetch\ACE2016-KB5002138-FULLFILE-X6-F6B4ABCD.pf,C:\Users\happy.grunwald\Desktop\acq\C\Windows\prefetch\ACE2016-KB5002138-FULLFILE-X6-F6B4ABCD.pf,7392,548440CE75F633D115EF49ED1C98E20961051592,FALSE,22:23.3,22:23.3,12:11.3,0:00:00
22:12.0,C:\Windows\prefetch\APPLICATIONFRAMEHOST.EXE-8CE9A1EE.pf,C:\Users\happy.grunwald\Desktop\acq\C\Windows\prefetch\APPLICATIONFRAMEHOST.EXE-8CE9A1EE.pf,14417,255EF8B39350A4112574A089001F4D595585E7B8,FALSE,51:58.2,03:16.5,03:16.5,0:00:00
22:12.0,C:\Windows\prefetch\AUDIODG.EXE-AB22E9A6.pf,C:\Users\happy.grunwald\Desktop\acq\C\Windows\prefetch\AUDIODG.EXE-AB22E9A6.pf,6015,1B11BD7F582A55460E881E063E7096004FF238AF,FALSE,42:02.0,10:34.8,10:34.8,0:00:00
22:12.0,C:\Windows\prefetch\BACKGROUNDTASKHOST.EXE-05A8BF9D.pf,C:\Users\happy.grunwald\Desktop\acq\C\Windows\prefetch\BACKGROUNDTASKHOST.EXE-05A8BF9D.pf,18120,D50FA9B4C79826EF1154C3063CD20B4152C642C8,FALSE,53:11.0,17:33.9,17:33.9,0:00:00
22:12.0,C:\Windows\prefetch\BACKGROUNDTASKHOST.EXE-256D666C.pf,C:\Users\happy.grunwald\Desktop\acq\C\Windows\prefetch\BACKGROUNDTASKHOST.EXE-256D666C.pf,17896,BEC42317AACAE8A9C9DD4F41E8B25AC660FD23CA,FALSE,28:40.2,05:24.0,05:24.0,0:00:00
22:12.0,C:\Windows\prefetch\COMPATTELRUNNER.EXE-B7A68ECC.pf,C:\Users\happy.grunwald\Desktop\acq\C\Windows\prefetch\COMPATTELRUNNER.EXE-B7A68ECC.pf,2382,319675F38D0CB73E1B63EFC7868AD64BDE864D90,FALSE,13:07.4,13:07.4,13:07.4,0:00:00
22:12.0,C:\Windows\prefetch\CONHOST.EXE-0C6456FB.pf,C:\Users\happy.grunwald\Desktop\acq\C\Windows\prefetch\CONHOST.EXE-0C6456FB.pf,7675,185CF2C2A827301DD943B2213C943BAA5684FCE0,FALSE,16:54.6,19:04.7,19:04.7,0:00:00
22:12.0,C:\Windows\prefetch\CONSENT.EXE-40419367.pf,C:\Users\happy.grunwald\Desktop\acq\C\Windows\prefetch\CONSENT.EXE-40419367.pf,49458,3760F75A46D09BA9ADEF4FEECF0C19E3B57EA401,FALSE,07:31.7,04:37.5,12:10.9,0:00:00
22:12.0,C:\Windows\prefetch\DLLHOST.EXE-1BAE06BB.pf,C:\Users\happy.grunwald\Desktop\acq\C\Windows\prefetch\DLLHOST.EXE-1BAE06BB.pf,3614,0F6C78913E5601C5E43167DEC3BD2703F3B7CD16,FALSE,17:15.6,17:15.6,17:15.6,0:00:00
22:12.0,C:\Windows\prefetch\DLLHOST.EXE-47BE07DC.pf,C:\Users\happy.grunwald\Desktop\acq\C\Windows\prefetch\DLLHOST.EXE-47BE07DC.pf,8403,3A0A28C23DD7FC18087F40FD5FC57A03B4BADBA9,FALSE,17:20.7,17:20.7,17:20.7,0:00:00
22:12.0,C:\Windows\prefetch\DLLHOST.EXE-7617EDA2.pf,C:\Users\happy.grunwald\Desktop\acq\C\Windows\prefetch\DLLHOST.EXE-7617EDA2.pf,5316,3897CD4C906C829135786374274D6A890430E7A0,FALSE,27:51.1,03:16.1,03:16.1,0:00:00
22:12.0,C:\Windows\prefetch\DLLHOST.EXE-7D5CE0CA.pf,C:\Users\happy.grunwald\Desktop\acq\C\Windows\prefetch\DLLHOST.EXE-7D5CE0CA.pf,3691,65705D6D95265F3F9CA137A012B392EF358A95F0,FALSE,15:03.0,19:42.0,19:42.0,00:00.0
22:12.0,C:\Windows\prefetch\DLLHOST.EXE-8EE3ADE8.pf,C:\Users\happy.grunwald\Desktop\acq\C\Windows\prefetch\DLLHOST.EXE-8EE3ADE8.pf,12128,CD9A1ACAE1E5F2910164C850D95D6FB94093C01C,FALSE,05:43.1,05:43.1,12:11.3,0:00:00
22:12.0,C:\Windows\prefetch\DLLHOST.EXE-F144D205.pf,C:\Users\happy.grunwald\Desktop\acq\C\Windows\prefetch\DLLHOST.EXE-F144D205.pf,10741,41C74400D6A74F61FE04EAD227A1189F41EC2964,FALSE,04:44.8,04:44.8,12:11.3,0:00:00
22:12.0,C:\Windows\prefetch\DLLHOST.EXE-F7FC6593.pf,C:\Users\happy.grunwald\Desktop\acq\C\Windows\prefetch\DLLHOST.EXE-F7FC6593.pf,4402,55D288CA69285336C2C1C89E94614186035A5E54,FALSE,03:05.2,03:05.2,03:05.2,0:00:00
22:12.1,C:\Windows\prefetch\DWM.EXE-314E93C5.pf,C:\Users\happy.grunwald\Desktop\acq\C\Windows\prefetch\DWM.EXE-314E93C5.pf,20387,5862AFB25D719E53BC76BD89CAA88DA4EA357FED,FALSE,42:09.7,17:46.7,12:11.3,0:00:00
22:12.1,C:\Windows\prefetch\EXPLORER.EXE-D5E97654.pf,C:\Users\happy.grunwald\Desktop\acq\C\Windows\prefetch\EXPLORER.EXE-D5E97654.pf,65347,F79E34F42FEDDFA450B26EF6EAA388D98A81922E,FALSE,23:31.3,04:41.9,12:11.4,0:00:00
22:12.1,C:\Windows\prefetch\FILECOAUTH.EXE-4702AC91.pf,C:\Users\happy.grunwald\Desktop\acq\C\Windows\prefetch\FILECOAUTH.EXE-4702AC91.pf,7253,DE86AA2ABF5BBA48578DF318C612F84BEBC815A4,FALSE,10:15.6,10:30.6,10:30.6,0:00:00
22:12.1,C:\Windows\prefetch\FILESYNCCONFIG.EXE-EA7B43AD.pf,C:\Users\happy.grunwald\Desktop\acq\C\Windows\prefetch\FILESYNCCONFIG.EXE-EA7B43AD.pf,8617,08942F2D74046101DD371CA4014657C8AD01266F,FALSE,17:30.4,17:30.4,17:30.4,00:00.0
22:12.1,C:\Windows\prefetch\FIREFOX INSTALLER.EXE-13A26B52.pf,C:\Users\happy.grunwald\Desktop\acq\C\Windows\prefetch\FIREFOX INSTALLER.EXE-13A26B52.pf,5841,669A9B6E8EC7AF0172C6D78E30DD783558704967,FALSE,18:23.0,18:23.0,12:11.4,0:00:00
22:12.1,C:\Windows\prefetch\FIREFOX.EXE-66015FD1.pf,C:\Users\happy.grunwald\Desktop\acq\C\Windows\prefetch\FIREFOX.EXE-66015FD1.pf,65133,5110F2D14AD882149FBA3B87884516AB268CC348,FALSE,18:42.0,05:42.2,05:42.2,0:00:00
22:12.1,C:\Windows\prefetch\GKAPE.EXE-CEBBB30A.pf,C:\Users\happy.grunwald\Desktop\acq\C\Windows\prefetch\GKAPE.EXE-CEBBB30A.pf,45335,B2D36E5501B681C45FA490D76D658A8BF7477F20,FALSE,19:51.4,19:51.4,19:51.4,0:00:00
22:12.1,C:\Windows\prefetch\GPUPDATE.EXE-7EBA4B6F.pf,C:\Users\happy.grunwald\Desktop\acq\C\Windows\prefetch\GPUPDATE.EXE-7EBA4B6F.pf,2625,1E46CD1873BFD806B30B2EC8F2699D444D1EFFC4,FALSE,29:40.9,02:59.5,02:59.5,00:00.0
22:12.1,C:\Windows\prefetch\IPCONFIG.EXE-BFEC2AD0.pf,C:\Users\happy.grunwald\Desktop\acq\C\Windows\prefetch\IPCONFIG.EXE-BFEC2AD0.pf,2273,14302D0C06D4FC6317061092E8A16624F890AF60,FALSE,39:03.3,12:07.9,12:07.9,0:00:00
22:12.1,C:\Windows\prefetch\KMS_VL_ALL_AIO.EXE-DEC1136B.pf,C:\Users\happy.grunwald\Desktop\acq\C\Windows\prefetch\KMS_VL_ALL_AIO.EXE-DEC1136B.pf,29755,D0B7E7A0F7177985EA83E06225C50785BDF1834D,FALSE,02:26.5,04:44.7,12:11.0,0:00:00
22:12.1,C:\Windows\prefetch\LOGONUI.EXE-F639BD7E.pf,C:\Users\happy.grunwald\Desktop\acq\C\Windows\prefetch\LOGONUI.EXE-F639BD7E.pf,38504,B5327486A29950EA89C9D1E0C4D9221AD1DAE609,FALSE,43:00.6,24:44.7,12:11.4,0:00:00
22:12.1,C:\Windows\prefetch\MAINTENANCESERVICE.EXE-9596E406.pf,C:\Users\happy.grunwald\Desktop\acq\C\Windows\prefetch\MAINTENANCESERVICE.EXE-9596E406.pf,9258,1C03DCB5992EEA853F6845C8219333B85A871974,FALSE,18:41.1,05:40.1,05:40.1,0:00:00
22:12.1,C:\Windows\prefetch\MICROSOFT OFFICE 2021 PRO PLU-A4822CF7.pf,C:\Users\happy.grunwald\Desktop\acq\C\Windows\prefetch\MICROSOFT OFFICE 2021 PRO PLU-A4822CF7.pf,32846,AC11E6CE29269B7C72E8F36475971906595951B9,FALSE,03:03.2,03:03.2,12:11.4,0:00:00
22:12.1,C:\Windows\prefetch\MICROSOFT.SHAREPOINT.EXE-B6192A2B.pf,C:\Users\happy.grunwald\Desktop\acq\C\Windows\prefetch\MICROSOFT.SHAREPOINT.EXE-B6192A2B.pf,18709,FC2C57204950B486210B6A9921012702AC2E1817,FALSE,17:40.9,17:40.9,17:40.9,0:00:00
22:12.1,C:\Windows\prefetch\MICROSOFTEDGEUPDATE.EXE-6B0998E6.pf,C:\Users\happy.grunwald\Desktop\acq\C\Windows\prefetch\MICROSOFTEDGEUPDATE.EXE-6B0998E6.pf,4904,D601644CF52E13BAC01B487FA447D1049CA73782,FALSE,04:10.0,04:10.0,04:10.0,0:00:00
22:12.1,C:\Windows\prefetch\MICROSOFTEDGEUPDATE.EXE-7A595326.pf,C:\Users\happy.grunwald\Desktop\acq\C\Windows\prefetch\MICROSOFTEDGEUPDATE.EXE-7A595326.pf,7084,9BB4D88677BAA17D121F2C5D3D08118E6B58D034,FALSE,14:51.3,18:03.4,18:03.4,0:00:00
22:12.1,C:\Windows\prefetch\MICROSOFTEDGEUPDATESETUP_X86_-62890F32.pf,C:\Users\happy.grunwald\Desktop\acq\C\Windows\prefetch\MICROSOFTEDGEUPDATESETUP_X86_-62890F32.pf,9984,BF1414D3F15FF0F7C51E44F3B95C33DF1B0B2ADA,FALSE,04:10.0,04:10.0,04:10.0,0:00:00
22:12.1,C:\Windows\prefetch\MMC.EXE-1EE19326.pf,C:\Users\happy.grunwald\Desktop\acq\C\Windows\prefetch\MMC.EXE-1EE19326.pf,40501,8C01C6BEB1E72FFAECAE8193273952E39E88C554,FALSE,27:44.6,06:22.9,12:11.4,0:00:00
22:12.1,C:\Windows\prefetch\MMC.EXE-8F0FB2DD.pf,C:\Users\happy.grunwald\Desktop\acq\C\Windows\prefetch\MMC.EXE-8F0FB2DD.pf,33295,39D7526F1FAD222E944C4378D67455EADBA9AE6D,FALSE,33:05.5,33:05.5,12:11.4,0:00:00
22:12.1,C:\Windows\prefetch\MMC.EXE-F964DB0C.pf,C:\Users\happy.grunwald\Desktop\acq\C\Windows\prefetch\MMC.EXE-F964DB0C.pf,54278,4F9CA430AD3CA4F02B64CC02B5C05C48E53F5380,FALSE,14:50.6,06:37.5,12:11.4,0:00:00
22:12.1,C:\Windows\prefetch\MOBSYNC.EXE-B307E1CC.pf,C:\Users\happy.grunwald\Desktop\acq\C\Windows\prefetch\MOBSYNC.EXE-B307E1CC.pf,7170,76C1CCF02A616C595758BCD2B3B52EC980DD90F8,FALSE,17:03.4,17:03.4,17:03.4,00:00.0
22:12.1,C:\Windows\prefetch\MOUSOCOREWORKER.EXE-4429AC2B.pf,C:\Users\happy.grunwald\Desktop\acq\C\Windows\prefetch\MOUSOCOREWORKER.EXE-4429AC2B.pf,14180,F7215BD8D13AED0746B93BB84A417989C8ABB11F,FALSE,17:38.9,17:38.9,17:38.9,0:00:00
22:12.1,C:\Windows\prefetch\MPCMDRUN.EXE-2C9109F9.pf,C:\Users\happy.grunwald\Desktop\acq\C\Windows\prefetch\MPCMDRUN.EXE-2C9109F9.pf,5925,316DAF6529E1D118BCEED90759EF1947CEC07AE3,FALSE,19:04.7,19:04.7,19:04.7,0:00:00
22:12.1,C:\Windows\prefetch\MSCORSVW.EXE-16B291C4.pf,C:\Users\happy.grunwald\Desktop\acq\C\Windows\prefetch\MSCORSVW.EXE-16B291C4.pf,14992,7B087F2D91E21F9C3C41EA38C93DD5231EBE66ED,FALSE,12:18.7,12:20.1,12:20.1,0:00:00
22:12.1,C:\Windows\prefetch\MSCORSVW.EXE-8CE1A322.pf,C:\Users\happy.grunwald\Desktop\acq\C\Windows\prefetch\MSCORSVW.EXE-8CE1A322.pf,15466,3A5C1D03D269E89C7F8786CBBD744F1F48FBEE19,FALSE,12:37.0,12:39.3,12:39.3,00:00.0
22:12.1,C:\Windows\prefetch\MSEDGE.EXE-37D25F9A.pf,C:\Users\happy.grunwald\Desktop\acq\C\Windows\prefetch\MSEDGE.EXE-37D25F9A.pf,56718,4FFB8797BB667368FD1D6A19D2503AB97D3659CA,FALSE,35:16.6,17:20.6,12:11.4,0:00:00
22:12.1,C:\Windows\prefetch\MSEDGE.EXE-37D25F9F.pf,C:\Users\happy.grunwald\Desktop\acq\C\Windows\prefetch\MSEDGE.EXE-37D25F9F.pf,55204,97FC2CD04B3C5C4F3C67206E1DCCE79121244ACA,FALSE,17:04.9,17:04.9,17:04.9,0:00:00
22:12.1,C:\Windows\prefetch\MSIEXEC.EXE-8FFB1633.pf,C:\Users\happy.grunwald\Desktop\acq\C\Windows\prefetch\MSIEXEC.EXE-8FFB1633.pf,8304,C6D3BF2061DBB2289E38D390F23E3679C19AAB83,FALSE,12:25.8,12:25.8,12:25.8,0:00:00
22:12.2,C:\Windows\prefetch\MSIEXEC.EXE-CDBFC0F7.pf,C:\Users\happy.grunwald\Desktop\acq\C\Windows\prefetch\MSIEXEC.EXE-CDBFC0F7.pf,17427,37EC60C9176E60613BD56B0154EEA22F57126B1F,FALSE,42:25.0,04:47.6,12:11.0,00:00.0
22:12.2,C:\Windows\prefetch\NGEN.EXE-4A8DA13E.pf,C:\Users\happy.grunwald\Desktop\acq\C\Windows\prefetch\NGEN.EXE-4A8DA13E.pf,5645,2E34366E944373EF2CBAAC0C5B239984E6977215,FALSE,12:17.5,12:52.5,12:52.5,0:00:00
22:12.2,C:\Windows\prefetch\NGEN.EXE-734C6620.pf,C:\Users\happy.grunwald\Desktop\acq\C\Windows\prefetch\NGEN.EXE-734C6620.pf,14469,74AECB25561CC68D14D7B2E3D2114A555A8AEA18,FALSE,12:17.4,12:47.0,12:47.0,0:00:00
22:12.2,C:\Windows\prefetch\NGENTASK.EXE-0E6CEC17.pf,C:\Users\happy.grunwald\Desktop\acq\C\Windows\prefetch\NGENTASK.EXE-0E6CEC17.pf,12871,AAF50DD7C412CADA427C35219895ACE7BA462518,FALSE,12:16.3,12:52.6,12:52.6,0:00:00
22:12.2,C:\Windows\prefetch\NGENTASK.EXE-849BFD75.pf,C:\Users\happy.grunwald\Desktop\acq\C\Windows\prefetch\NGENTASK.EXE-849BFD75.pf,11344,81ACD10FAA7C99BA575B2644DA153D64915BFF43,FALSE,12:16.3,12:52.6,12:52.6,0:00:00
22:12.2,C:\Windows\prefetch\OFFICEC2RCLIENT.EXE-6DB2EFE8.pf,C:\Users\happy.grunwald\Desktop\acq\C\Windows\prefetch\OFFICEC2RCLIENT.EXE-6DB2EFE8.pf,25601,DAC7F23D2DE662C9EFEB860837532A1CD5102BA1,FALSE,03:30.3,03:30.3,12:11.0,0:00:00
22:12.2,C:\Windows\prefetch\OFFICECLICKTORUN.EXE-AAFF49A9.pf,C:\Users\happy.grunwald\Desktop\acq\C\Windows\prefetch\OFFICECLICKTORUN.EXE-AAFF49A9.pf,12450,EE5C108563591C22BF4D941D9A9FECE6903EE942,FALSE,09:19.2,09:19.2,09:19.2,0:00:00
22:12.2,C:\Windows\prefetch\OFFICECLICKTORUN.EXE-F5CCE208.pf,C:\Users\happy.grunwald\Desktop\acq\C\Windows\prefetch\OFFICECLICKTORUN.EXE-F5CCE208.pf,42079,EE21EE691619B326ECCC3FE6E7DF04ED7FE77D94,FALSE,03:20.3,03:29.3,12:11.0,0:00:00
22:12.2,C:\Windows\prefetch\ONEDRIVE.EXE-05361D4F.pf,C:\Users\happy.grunwald\Desktop\acq\C\Windows\prefetch\ONEDRIVE.EXE-05361D4F.pf,41400,43780A9570AF4CA663D787E02B15C1CE72155335,FALSE,23:55.2,23:55.2,12:11.4,0:00:00
22:12.2,C:\Windows\prefetch\ONEDRIVE.EXE-191F0739.pf,C:\Users\happy.grunwald\Desktop\acq\C\Windows\prefetch\ONEDRIVE.EXE-191F0739.pf,51285,9226ADE799BD657177B60C1F0C65F6FD01347FDE,FALSE,08:00.9,14:45.5,12:11.4,0:00:00
22:12.2,C:\Windows\prefetch\ONEDRIVE.EXE-267427AE.pf,C:\Users\happy.grunwald\Desktop\acq\C\Windows\prefetch\ONEDRIVE.EXE-267427AE.pf,105424,C456B6B20CE2E0D74CDC7402BFBEEE4F61A2197F,FALSE,20:10.7,14:01.5,12:11.4,0:00:00
22:12.2,C:\Windows\prefetch\ONEDRIVE.EXE-ADAA7004.pf,C:\Users\happy.grunwald\Desktop\acq\C\Windows\prefetch\ONEDRIVE.EXE-ADAA7004.pf,14712,3A6B63A124E8DCC039E95C9037A2E3F296C04D29,FALSE,17:29.8,17:29.8,17:29.8,0:00:00
22:12.2,C:\Windows\prefetch\ONEDRIVE.EXE-B657FF91.pf,C:\Users\happy.grunwald\Desktop\acq\C\Windows\prefetch\ONEDRIVE.EXE-B657FF91.pf,61547,9AD98F561BEC4E15C06A94FAED3CE4DFFD7280CF,FALSE,17:41.5,17:41.5,17:41.5,0:00:00
22:12.2,C:\Windows\prefetch\ONEDRIVESETUP.EXE-3A6C78CC.pf,C:\Users\happy.grunwald\Desktop\acq\C\Windows\prefetch\ONEDRIVESETUP.EXE-3A6C78CC.pf,30992,1AD368B89B546F2A071B34E5DD242156A0F9E710,FALSE,17:24.4,17:25.1,17:25.1,00:00.0
22:12.2,C:\Windows\prefetch\Op-MSEDGE.EXE-37D25F9A-00000001.pf,C:\Users\happy.grunwald\Desktop\acq\C\Windows\prefetch\Op-MSEDGE.EXE-37D25F9A-00000001.pf,2890,4E791EB8F2583E6558024CF755C508D3958DBF83,FALSE,35:18.4,17:33.0,12:11.4,0:00:00
22:12.2,C:\Windows\prefetch\OPENWITH.EXE-8B50D58B.pf,C:\Users\happy.grunwald\Desktop\acq\C\Windows\prefetch\OPENWITH.EXE-8B50D58B.pf,19811,E89C2C8F1EF5B27D49210DEEEF347C79220D3063,FALSE,08:31.6,08:31.6,12:11.4,0:00:00
22:12.2,C:\Windows\prefetch\PINGSENDER.EXE-B4914655.pf,C:\Users\happy.grunwald\Desktop\acq\C\Windows\prefetch\PINGSENDER.EXE-B4914655.pf,10425,8EE9D7E92FEAFB0286E8625289DAC0DB26717B80,FALSE,20:27.8,08:10.6,08:10.6,0:00:00
22:12.2,C:\Windows\prefetch\POWERSHELL.EXE-CA1AE517.pf,C:\Users\happy.grunwald\Desktop\acq\C\Windows\prefetch\POWERSHELL.EXE-CA1AE517.pf,38574,652EC9E3D91182A3AA524981A2A446C353A5E805,FALSE,07:56.0,07:57.7,07:57.7,0:00:00
22:12.2,C:\Windows\prefetch\REGSVR32.EXE-03D3FB87.pf,C:\Users\happy.grunwald\Desktop\acq\C\Windows\prefetch\REGSVR32.EXE-03D3FB87.pf,5235,450D9F5A2868B07FBAD99E85093705ADDD8E7826,FALSE,17:15.3,17:15.3,17:15.3,0:00:00
22:12.2,C:\Windows\prefetch\REGSVR32.EXE-B31EC963.pf,C:\Users\happy.grunwald\Desktop\acq\C\Windows\prefetch\REGSVR32.EXE-B31EC963.pf,5706,C2A8CF2921C50EC9E028A6F280BBF084AC0B2570,FALSE,17:15.3,17:15.3,17:15.3,0:00:00
22:12.2,C:\Windows\prefetch\RUNDLL32.EXE-36D847E4.pf,C:\Users\happy.grunwald\Desktop\acq\C\Windows\prefetch\RUNDLL32.EXE-36D847E4.pf,4780,A1654AFB044C895244379F4784C8EA48D10D0DC1,FALSE,07:31.7,02:54.7,02:54.7,0:00:00
22:12.2,C:\Windows\prefetch\RUNDLL32.EXE-75313621.pf,C:\Users\happy.grunwald\Desktop\acq\C\Windows\prefetch\RUNDLL32.EXE-75313621.pf,3318,2035ACE20C60DF7AF50EA478D7618E5B37D1A1AA,FALSE,19:44.9,19:44.9,19:44.9,0:00:00
22:12.2,C:\Windows\prefetch\RUNONCE.EXE-FB4EF753.pf,C:\Users\happy.grunwald\Desktop\acq\C\Windows\prefetch\RUNONCE.EXE-FB4EF753.pf,9641,51D4E5BE91DFF8EA8F76F4F0AA273C3CE81A2CE4,FALSE,17:06.7,17:06.7,17:06.7,0:00:00
22:12.2,C:\Windows\prefetch\RUNTIMEBROKER.EXE-3F7C1099.pf,C:\Users\happy.grunwald\Desktop\acq\C\Windows\prefetch\RUNTIMEBROKER.EXE-3F7C1099.pf,8432,2EA52E3CFFED8255C03E755CB425F8893220D6D5,FALSE,16:58.8,16:58.8,16:58.8,00:00.0
22:12.2,C:\Windows\prefetch\RUNTIMEBROKER.EXE-4551A062.pf,C:\Users\happy.grunwald\Desktop\acq\C\Windows\prefetch\RUNTIMEBROKER.EXE-4551A062.pf,9739,8453E9677A9F1A836A5F5AF47851ADA8C5381118,FALSE,17:08.6,17:08.6,17:08.6,0:00:00
22:12.2,C:\Windows\prefetch\RUNTIMEBROKER.EXE-6B83017D.pf,C:\Users\happy.grunwald\Desktop\acq\C\Windows\prefetch\RUNTIMEBROKER.EXE-6B83017D.pf,16383,B1DFDA128F0F8D2B0906C3DC6DE4BE3A1730F772,FALSE,16:58.2,16:58.2,16:58.2,0:00:00
22:12.2,C:\Windows\prefetch\RUNTIMEBROKER.EXE-B99D7653.pf,C:\Users\happy.grunwald\Desktop\acq\C\Windows\prefetch\RUNTIMEBROKER.EXE-B99D7653.pf,9413,F073B12AB9E83CCD3882E24E827A74590BA76E2C,FALSE,18:12.8,18:12.8,18:12.8,0:00:00
22:12.2,C:\Windows\prefetch\SCHTASKS.EXE-8B6144A9.pf,C:\Users\happy.grunwald\Desktop\acq\C\Windows\prefetch\SCHTASKS.EXE-8B6144A9.pf,3936,A2D102B62FF2CAB6531C2B0621388D4C692A49AC,FALSE,03:52.6,03:12.9,03:12.9,0:00:00
22:12.3,C:\Windows\prefetch\SEARCHAPP.EXE-0848CA88.pf,C:\Users\happy.grunwald\Desktop\acq\C\Windows\prefetch\SEARCHAPP.EXE-0848CA88.pf,60262,BBE9D6B8159D473E049A13E6737A37417EE064F2,FALSE,21:44.5,02:15.4,12:11.4,0:00:00
22:12.3,C:\Windows\prefetch\SEARCHAPP.EXE-52924D3F.pf,C:\Users\happy.grunwald\Desktop\acq\C\Windows\prefetch\SEARCHAPP.EXE-52924D3F.pf,35244,C00FD1B7774D945605A3BCFF9B135E9A825098D1,FALSE,14:46.0,14:46.0,12:11.4,0:00:00
22:12.3,C:\Windows\prefetch\SEARCHAPP.EXE-86067E5D.pf,C:\Users\happy.grunwald\Desktop\acq\C\Windows\prefetch\SEARCHAPP.EXE-86067E5D.pf,96638,10042D987CE3AAE7D67DFA2836F1183DCDD57708,FALSE,28:11.8,16:51.0,16:51.0,0:00:00
22:12.3,C:\Windows\prefetch\SEARCHFILTERHOST.EXE-44162447.pf,C:\Users\happy.grunwald\Desktop\acq\C\Windows\prefetch\SEARCHFILTERHOST.EXE-44162447.pf,4042,D16BE9D5E5E45ADB5E9E4B7D311F548455BF63BA,FALSE,15:12.0,19:47.8,19:47.8,0:00:00
22:12.3,C:\Windows\prefetch\SEARCHINDEXER.EXE-1CF42BC6.pf,C:\Users\happy.grunwald\Desktop\acq\C\Windows\prefetch\SEARCHINDEXER.EXE-1CF42BC6.pf,22543,5EBEB4B407E6B8CE2541E7E1F05CD8D82CEE7874,FALSE,56:47.9,16:58.9,16:58.9,0:00:00
22:12.3,C:\Windows\prefetch\SEARCHPROTOCOLHOST.EXE-69C456C3.pf,C:\Users\happy.grunwald\Desktop\acq\C\Windows\prefetch\SEARCHPROTOCOLHOST.EXE-69C456C3.pf,4730,5429FC4C554498F4E636A669409ACA63F3D17346,FALSE,15:12.0,16:59.3,16:59.3,0:00:00
22:12.3,C:\Windows\prefetch\SECHEALTHUI.EXE-FAB65C18.pf,C:\Users\happy.grunwald\Desktop\acq\C\Windows\prefetch\SECHEALTHUI.EXE-FAB65C18.pf,28147,6291ADF2F5265C1A8BD418C9575B532BE4966561,FALSE,24:08.7,24:08.7,12:11.4,0:00:00
22:12.3,C:\Windows\prefetch\SECURITYHEALTHHOST.EXE-06344EE9.pf,C:\Users\happy.grunwald\Desktop\acq\C\Windows\prefetch\SECURITYHEALTHHOST.EXE-06344EE9.pf,4721,539BD57ECD2C8AB7926D1015D3C6BCCEDB374482,FALSE,14:48.0,24:09.4,12:11.4,0:00:00
22:12.3,C:\Windows\prefetch\SECURITYHEALTHSERVICE.EXE-91B5FB98.pf,C:\Users\happy.grunwald\Desktop\acq\C\Windows\prefetch\SECURITYHEALTHSERVICE.EXE-91B5FB98.pf,9506,AFBD03E245F737D17B77A511F863567367DA747F,FALSE,07:31.7,17:11.2,17:11.2,0:00:00
22:12.3,C:\Windows\prefetch\SECURITYHEALTHSYSTRAY.EXE-E527A4AE.pf,C:\Users\happy.grunwald\Desktop\acq\C\Windows\prefetch\SECURITYHEALTHSYSTRAY.EXE-E527A4AE.pf,5370,883F3D9D05533A644D4D4526686DA5FB27754D88,FALSE,07:31.7,17:11.2,17:11.2,00:00.0
22:12.3,C:\Windows\prefetch\SETHC.EXE-1E0D0DA0.pf,C:\Users\happy.grunwald\Desktop\acq\C\Windows\prefetch\SETHC.EXE-1E0D0DA0.pf,3367,380863873CC6B45EA41A59E9A7ADFEC431174606,FALSE,24:35.1,24:35.1,12:11.4,0:00:00
22:12.3,C:\Windows\prefetch\SETTINGSYNCHOST.EXE-0130E42A.pf,C:\Users\happy.grunwald\Desktop\acq\C\Windows\prefetch\SETTINGSYNCHOST.EXE-0130E42A.pf,6384,33114EC4DC46BC83DC0FFEFFF8DC2BCDA1B1193C,FALSE,19:53.8,23:11.1,12:11.4,0:00:00
22:12.3,C:\Windows\prefetch\SETUP-STUB.EXE-BC55E5D8.pf,C:\Users\happy.grunwald\Desktop\acq\C\Windows\prefetch\SETUP-STUB.EXE-BC55E5D8.pf,40439,1AAF30A50CDA52A9494ADBF78A4AFD696692CC95,FALSE,18:23.1,18:24.7,12:11.4,0:00:00
22:12.3,C:\Windows\prefetch\SETUP.EXE-2E3AFC99.pf,C:\Users\happy.grunwald\Desktop\acq\C\Windows\prefetch\SETUP.EXE-2E3AFC99.pf,34704,89F11F900E9166C124E49E3FFA8931461BFB2222,FALSE,03:18.5,03:18.5,12:11.4,00:00.0
22:12.3,C:\Windows\prefetch\SETUP.EXE-B976C6D1.pf,C:\Users\happy.grunwald\Desktop\acq\C\Windows\prefetch\SETUP.EXE-B976C6D1.pf,22205,17CFAA38B56F11FD9CCED0F7053BF4B1A09367BA,FALSE,18:39.7,18:39.7,12:11.4,0:00:00
22:12.3,C:\Windows\prefetch\SETUP64.EXE-6C6157AB.pf,C:\Users\happy.grunwald\Desktop\acq\C\Windows\prefetch\SETUP64.EXE-6C6157AB.pf,47024,B314849ED04F629D17A3B4F317FAFF1AD4268EAC,FALSE,42:00.1,42:00.1,12:11.4,0:00:00
22:12.3,C:\Windows\prefetch\SFC.EXE-425529A1.pf,C:\Users\happy.grunwald\Desktop\acq\C\Windows\prefetch\SFC.EXE-425529A1.pf,3845,E817D616B556D990EDF72F0B664E11D9F9FC8DFD,FALSE,40:06.8,40:06.8,12:11.4,00:00.0
22:12.3,C:\Windows\prefetch\SGRMBROKER.EXE-32481FEB.pf,C:\Users\happy.grunwald\Desktop\acq\C\Windows\prefetch\SGRMBROKER.EXE-32481FEB.pf,2766,05F832D642B70B23BAC217C0E5AB17B0B9B237C8,FALSE,09:02.5,18:13.8,18:13.8,0:00:00
22:12.3,C:\Windows\prefetch\SHELLEXPERIENCEHOST.EXE-B3EF1F80.pf,C:\Users\happy.grunwald\Desktop\acq\C\Windows\prefetch\SHELLEXPERIENCEHOST.EXE-B3EF1F80.pf,40048,7ED529CBCEE8485FFFE573D1CAC733F90FEAADF3,FALSE,04:50.8,18:12.5,18:12.5,0:00:00
22:12.3,C:\Windows\prefetch\SIHCLIENT.EXE-98C47F6C.pf,C:\Users\happy.grunwald\Desktop\acq\C\Windows\prefetch\SIHCLIENT.EXE-98C47F6C.pf,16224,019E31CD96FC091D65F35F8749346BA099D3E7BB,FALSE,16:37.7,03:29.0,03:29.0,0:00:00
22:12.3,C:\Windows\prefetch\SIHOST.EXE-115B507F.pf,C:\Users\happy.grunwald\Desktop\acq\C\Windows\prefetch\SIHOST.EXE-115B507F.pf,17037,6CFA840A557ED84D38CF924C948BCF3A7526A1EB,FALSE,23:31.0,13:46.0,12:11.4,0:00:00
22:12.3,C:\Windows\prefetch\SLUI.EXE-3E441AEE.pf,C:\Users\happy.grunwald\Desktop\acq\C\Windows\prefetch\SLUI.EXE-3E441AEE.pf,8533,8A43C1CD316DE0B7166799DD22CC010094E7ECCD,FALSE,56:47.9,03:20.2,03:20.2,0:00:00
22:12.3,C:\Windows\prefetch\SMARTSCREEN.EXE-EACC1250.pf,C:\Users\happy.grunwald\Desktop\acq\C\Windows\prefetch\SMARTSCREEN.EXE-EACC1250.pf,17524,37ECE1C637C675CE3D0570407CE0A375B0CEBC62,FALSE,07:31.7,17:11.1,17:11.1,0:00:00
22:12.3,C:\Windows\prefetch\SMSS.EXE-B5B810DB.pf,C:\Users\happy.grunwald\Desktop\acq\C\Windows\prefetch\SMSS.EXE-B5B810DB.pf,1853,050FAF44159EB7C2155B6406FA75D6284120D4A5,FALSE,22:46.1,22:01.1,12:11.4,0:00:00
22:12.4,C:\Windows\prefetch\SPPEXTCOMOBJ.EXE-7D45A1AB.pf,C:\Users\happy.grunwald\Desktop\acq\C\Windows\prefetch\SPPEXTCOMOBJ.EXE-7D45A1AB.pf,6350,FFA1BB965745EE28B0C1925DED2E6D71B4833D4F,FALSE,46:52.4,05:31.8,02:53.8,0:00:00
22:12.4,C:\Windows\prefetch\SPPSVC.EXE-96070FE0.pf,C:\Users\happy.grunwald\Desktop\acq\C\Windows\prefetch\SPPSVC.EXE-96070FE0.pf,11672,4799DD3BA87FEA4C5EF19EB81F46BC6F07975342,FALSE,08:20.0,17:40.1,17:40.1,0:00:00
22:12.4,C:\Windows\prefetch\SQUIRREL.EXE-C74CA7BE.pf,C:\Users\happy.grunwald\Desktop\acq\C\Windows\prefetch\SQUIRREL.EXE-C74CA7BE.pf,14337,481A0A5FBA34F12DCBD01D44D2CEA355AB5284D7,FALSE,17:20.8,17:20.8,17:20.8,0:00:00
22:12.4,C:\Windows\prefetch\STARTMENUEXPERIENCEHOST.EXE-DF593AF9.pf,C:\Users\happy.grunwald\Desktop\acq\C\Windows\prefetch\STARTMENUEXPERIENCEHOST.EXE-DF593AF9.pf,62185,16E29E09C4DAE11F75212369080EC20F62431ECD,FALSE,14:45.7,16:58.1,16:58.1,0:00:00
22:12.4,C:\Windows\prefetch\SVCHOST.EXE-09F4AEA4.pf,C:\Users\happy.grunwald\Desktop\acq\C\Windows\prefetch\SVCHOST.EXE-09F4AEA4.pf,8407,C3D044DC0A26F1C540A114B733CE00A6C83B7C62,FALSE,01:46.5,03:33.7,03:33.7,0:00:00
22:12.4,C:\Windows\prefetch\SVCHOST.EXE-117C4441.pf,C:\Users\happy.grunwald\Desktop\acq\C\Windows\prefetch\SVCHOST.EXE-117C4441.pf,6383,49FFD7C94FE02204D433252D828A15A16A01FC90,FALSE,12:04.2,17:43.3,12:11.4,0:00:00
22:12.4,C:\Windows\prefetch\SVCHOST.EXE-12266D0E.pf,C:\Users\happy.grunwald\Desktop\acq\C\Windows\prefetch\SVCHOST.EXE-12266D0E.pf,5290,174D63A979A504ECB185A36CB96B61EC2B33EB3D,FALSE,21:05.2,21:05.2,12:11.4,0:00:00
22:12.4,C:\Windows\prefetch\SVCHOST.EXE-1454AA18.pf,C:\Users\happy.grunwald\Desktop\acq\C\Windows\prefetch\SVCHOST.EXE-1454AA18.pf,3152,9E517B8B05D20CD61AFAD6E9FCA26FA052A4235B,FALSE,09:13.6,04:08.7,12:11.2,0:00:00
22:12.4,C:\Windows\prefetch\SVCHOST.EXE-19B557B1.pf,C:\Users\happy.grunwald\Desktop\acq\C\Windows\prefetch\SVCHOST.EXE-19B557B1.pf,14631,22B8D1B90291E088100BB1C5D0C15E690C74C97D,FALSE,09:13.8,06:05.7,06:05.7,0:00:00
22:12.4,C:\Windows\prefetch\SVCHOST.EXE-1B73F444.pf,C:\Users\happy.grunwald\Desktop\acq\C\Windows\prefetch\SVCHOST.EXE-1B73F444.pf,3072,062F01D22C34ED95FF4CDEF16F6248B6AE330017,FALSE,39:09.3,46:52.4,12:11.4,0:00:00
22:12.4,C:\Windows\prefetch\SVCHOST.EXE-44C0CDF7.pf,C:\Users\happy.grunwald\Desktop\acq\C\Windows\prefetch\SVCHOST.EXE-44C0CDF7.pf,3714,1E703F4A239454FF087F49B0DFEB513B06FD51DE,FALSE,13:46.1,13:46.1,12:11.4,0:00:00
22:12.4,C:\Windows\prefetch\SVCHOST.EXE-467B6557.pf,C:\Users\happy.grunwald\Desktop\acq\C\Windows\prefetch\SVCHOST.EXE-467B6557.pf,4837,4E79CA07CE438CE9D7A3187927767ADCFA51595A,FALSE,12:47.7,42:49.0,12:11.4,0:00:00
22:12.4,C:\Windows\prefetch\SVCHOST.EXE-4B98D760.pf,C:\Users\happy.grunwald\Desktop\acq\C\Windows\prefetch\SVCHOST.EXE-4B98D760.pf,6838,CD6FB67BC4013BE97CE70EB167C9F55E096E136A,FALSE,17:19.4,12:42.1,12:42.1,0:00:00
22:12.4,C:\Windows\prefetch\SVCHOST.EXE-4BD0A607.pf,C:\Users\happy.grunwald\Desktop\acq\C\Windows\prefetch\SVCHOST.EXE-4BD0A607.pf,7956,C8A1FC977B772BB13CAD369CB09EE6A859BAC7E3,FALSE,09:03.0,18:14.5,18:14.5,00:00.0
22:12.4,C:\Windows\prefetch\SVCHOST.EXE-4E79CC0D.pf,C:\Users\happy.grunwald\Desktop\acq\C\Windows\prefetch\SVCHOST.EXE-4E79CC0D.pf,7363,5EE8FD47AA8F31191CEEEA0369E119A690F22704,FALSE,04:42.1,04:42.1,12:11.4,0:00:00
22:12.4,C:\Windows\prefetch\SVCHOST.EXE-4FBD1216.pf,C:\Users\happy.grunwald\Desktop\acq\C\Windows\prefetch\SVCHOST.EXE-4FBD1216.pf,5577,A22C16AAC08731CFB956AB30EF920604743C479C,FALSE,07:31.7,02:28.5,12:11.4,0:00:00
22:12.4,C:\Windows\prefetch\SVCHOST.EXE-529F9AC1.pf,C:\Users\happy.grunwald\Desktop\acq\C\Windows\prefetch\SVCHOST.EXE-529F9AC1.pf,4193,4CA83CA7B2821C99F89D8FD3BBC68E0F570240F3,FALSE,17:59.9,17:59.9,12:11.4,0:00:00
22:12.4,C:\Windows\prefetch\SVCHOST.EXE-59780EBF.pf,C:\Users\happy.grunwald\Desktop\acq\C\Windows\prefetch\SVCHOST.EXE-59780EBF.pf,13406,15DBEC71B4F9C58D3D94196E53817091B14A9C72,FALSE,22:03.6,48:43.3,12:11.4,00:00.0
22:12.4,C:\Windows\prefetch\SVCHOST.EXE-59D511F9.pf,C:\Users\happy.grunwald\Desktop\acq\C\Windows\prefetch\SVCHOST.EXE-59D511F9.pf,23965,4E87F291AA4F014CD577326DB4BDC9F5A442F67A,FALSE,09:02.2,15:16.5,12:11.4,0:00:00
22:12.4,C:\Windows\prefetch\SVCHOST.EXE-6493017E.pf,C:\Users\happy.grunwald\Desktop\acq\C\Windows\prefetch\SVCHOST.EXE-6493017E.pf,20762,8216C7908445E7BC37AC674EA4FFF75872ECBBDF,FALSE,23:31.1,13:46.1,12:11.4,0:00:00
22:12.4,C:\Windows\prefetch\SVCHOST.EXE-6867B1E5.pf,C:\Users\happy.grunwald\Desktop\acq\C\Windows\prefetch\SVCHOST.EXE-6867B1E5.pf,6715,627B10BAD3164FCC32AE4EF37A3CE273E22675E6,FALSE,06:30.0,24:57.1,12:11.4,0:00:00
22:12.4,C:\Windows\prefetch\SVCHOST.EXE-6A4A44E7.pf,C:\Users\happy.grunwald\Desktop\acq\C\Windows\prefetch\SVCHOST.EXE-6A4A44E7.pf,45698,AA40F8FB89A60CACAD1FF868EDACC129EA5E6D02,FALSE,17:04.7,12:16.7,12:16.7,0:00:00
22:12.4,C:\Windows\prefetch\SVCHOST.EXE-73A7D02B.pf,C:\Users\happy.grunwald\Desktop\acq\C\Windows\prefetch\SVCHOST.EXE-73A7D02B.pf,6168,2696327EEE71543B986C8F49BA356FEC6F3D6300,FALSE,52:02.8,17:10.9,12:11.4,00:00.0
22:12.4,C:\Windows\prefetch\SVCHOST.EXE-73D024B2.pf,C:\Users\happy.grunwald\Desktop\acq\C\Windows\prefetch\SVCHOST.EXE-73D024B2.pf,11933,99750B2C23C6462A29AA2E18B6B1413EB0DC3C89,FALSE,37:14.0,05:30.3,12:11.2,0:00:00
22:12.4,C:\Windows\prefetch\SVCHOST.EXE-764FA25C.pf,C:\Users\happy.grunwald\Desktop\acq\C\Windows\prefetch\SVCHOST.EXE-764FA25C.pf,12730,778F1126F2A9434B10163E0F7E5AA39FE1DDE2B4,FALSE,09:02.8,17:38.9,17:38.9,0:00:00
22:12.4,C:\Windows\prefetch\SVCHOST.EXE-77C41F85.pf,C:\Users\happy.grunwald\Desktop\acq\C\Windows\prefetch\SVCHOST.EXE-77C41F85.pf,5241,F293094BFB2B25D76402C62827065A140F6474FD,FALSE,33:34.9,10:29.1,12:11.4,0:00:00
22:12.4,C:\Windows\prefetch\SVCHOST.EXE-7AAD9645.pf,C:\Users\happy.grunwald\Desktop\acq\C\Windows\prefetch\SVCHOST.EXE-7AAD9645.pf,12965,1BCA4B7C5D1A80ADBD9354CD966B85FDC683CE3D,FALSE,22:01.3,46:27.2,12:11.4,0:00:00
22:12.4,C:\Windows\prefetch\SVCHOST.EXE-84F32335.pf,C:\Users\happy.grunwald\Desktop\acq\C\Windows\prefetch\SVCHOST.EXE-84F32335.pf,10393,6E4B2FC2EB41788A4546B7B3AD73BCB3BCF41DF3,FALSE,42:30.3,04:08.9,12:11.2,0:00:00
22:12.4,C:\Windows\prefetch\SVCHOST.EXE-852EC587.pf,C:\Users\happy.grunwald\Desktop\acq\C\Windows\prefetch\SVCHOST.EXE-852EC587.pf,6186,67185F19D71B368A2C1AC3AFFE0C265A4B84BC14,FALSE,13:21.3,03:27.4,12:11.4,0:00:00
22:12.4,C:\Windows\prefetch\SVCHOST.EXE-8F09AACB.pf,C:\Users\happy.grunwald\Desktop\acq\C\Windows\prefetch\SVCHOST.EXE-8F09AACB.pf,3991,279853382DD43697E23366F1B65C7E48EE6443E6,FALSE,15:06.5,09:02.9,12:11.4,0:00:00
22:12.4,C:\Windows\prefetch\SVCHOST.EXE-952637C2.pf,C:\Users\happy.grunwald\Desktop\acq\C\Windows\prefetch\SVCHOST.EXE-952637C2.pf,4767,9761C8D4932CE46861EFE53A07352DD3E20CA667,FALSE,07:31.7,17:11.5,17:11.5,0:00:00
22:12.4,C:\Windows\prefetch\SVCHOST.EXE-9A28EB78.pf,C:\Users\happy.grunwald\Desktop\acq\C\Windows\prefetch\SVCHOST.EXE-9A28EB78.pf,4268,FE3E45CCB9F2F8FD8C681C4429747DD07F43E881,FALSE,10:31.8,20:30.2,20:30.2,0:00:00
22:12.5,C:\Windows\prefetch\SVCHOST.EXE-A79A44A2.pf,C:\Users\happy.grunwald\Desktop\acq\C\Windows\prefetch\SVCHOST.EXE-A79A44A2.pf,4902,8E7C3751FB4CB8BF4F595C82477F3D12D26B0116,FALSE,17:00.1,17:00.1,17:00.1,0:00:00
22:12.5,C:\Windows\prefetch\SVCHOST.EXE-B18C213B.pf,C:\Users\happy.grunwald\Desktop\acq\C\Windows\prefetch\SVCHOST.EXE-B18C213B.pf,8379,DA2C436DFA9A0FBF486E56189D64F682BB6C54EA,FALSE,24:09.6,03:49.9,03:49.9,0:00:00
22:12.5,C:\Windows\prefetch\SVCHOST.EXE-C25BD44A.pf,C:\Users\happy.grunwald\Desktop\acq\C\Windows\prefetch\SVCHOST.EXE-C25BD44A.pf,7913,AC381AFC383331933AB6F3CE78FEBCA64C17203A,FALSE,51:48.8,20:43.6,20:43.6,0:00:00
22:12.5,C:\Windows\prefetch\SVCHOST.EXE-C38EF8DD.pf,C:\Users\happy.grunwald\Desktop\acq\C\Windows\prefetch\SVCHOST.EXE-C38EF8DD.pf,5044,E93E48D5B0DC1C9D699AC79A5A6F959AD3BFFDAE,FALSE,18:14.6,18:14.6,18:14.6,0:00:00
22:12.5,C:\Windows\prefetch\SVCHOST.EXE-D4A56B1A.pf,C:\Users\happy.grunwald\Desktop\acq\C\Windows\prefetch\SVCHOST.EXE-D4A56B1A.pf,3337,21B639639A6BABBB95795CCE4939DF78BCEB6847,FALSE,52:22.7,16:48.1,16:48.1,0:00:00
22:12.5,C:\Windows\prefetch\SVCHOST.EXE-EA46708B.pf,C:\Users\happy.grunwald\Desktop\acq\C\Windows\prefetch\SVCHOST.EXE-EA46708B.pf,5861,47258D6A9649CF956C6056195AD226C5A5161563,FALSE,02:07.5,03:17.0,03:17.0,0:00:00
22:12.5,C:\Windows\prefetch\SVCHOST.EXE-EBBF67E6.pf,C:\Users\happy.grunwald\Desktop\acq\C\Windows\prefetch\SVCHOST.EXE-EBBF67E6.pf,3035,9CF429C1C54879F451D7F9992E85B6A17E736955,FALSE,18:13.6,18:13.6,18:13.6,0:00:00
22:12.5,C:\Windows\prefetch\SVCHOST.EXE-F5E1DCD3.pf,C:\Users\happy.grunwald\Desktop\acq\C\Windows\prefetch\SVCHOST.EXE-F5E1DCD3.pf,6968,AA800E07B73E952660549D7AAB29E28B1A5011E2,FALSE,17:09.6,17:09.6,17:09.6,0:00:00
22:12.5,C:\Windows\prefetch\SYSTEMPROPERTIESADVANCED.EXE-27792BE5.pf,C:\Users\happy.grunwald\Desktop\acq\C\Windows\prefetch\SYSTEMPROPERTIESADVANCED.EXE-27792BE5.pf,9531,923777062051217733B8BEE5358041526065F4E1,FALSE,17:03.3,17:03.3,12:11.4,0:00:00
22:12.5,C:\Windows\prefetch\SYSTEMPROPERTIESCOMPUTERNAME.-449B662F.pf,C:\Users\happy.grunwald\Desktop\acq\C\Windows\prefetch\SYSTEMPROPERTIESCOMPUTERNAME.-449B662F.pf,9221,458971D2B3847AE24B059C8273E6E2B35336AB78,FALSE,17:17.1,25:03.3,12:11.4,0:00:00
22:12.5,C:\Windows\prefetch\SYSTEMSETTINGS.EXE-BE0858C5.pf,C:\Users\happy.grunwald\Desktop\acq\C\Windows\prefetch\SYSTEMSETTINGS.EXE-BE0858C5.pf,64318,29C87D3E6AEAEE3E4816C86FA1CD1329F00878B3,FALSE,51:58.2,03:16.5,03:16.5,0:00:00
22:12.5,C:\Windows\prefetch\SYSTEMSETTINGSADMINFLOWS.EXE-F74198E7.pf,C:\Users\happy.grunwald\Desktop\acq\C\Windows\prefetch\SYSTEMSETTINGSADMINFLOWS.EXE-F74198E7.pf,24923,7B41A68CDF06758B4468BB4BDF88734DC9CF8FA0,FALSE,17:42.3,17:42.3,12:11.4,0:00:00
22:12.5,C:\Windows\prefetch\TASKHOSTW.EXE-2E5D4B75.pf,C:\Users\happy.grunwald\Desktop\acq\C\Windows\prefetch\TASKHOSTW.EXE-2E5D4B75.pf,21801,4ECA22E5C18CB1E47B229BBA20A7DDD19DC3BB04,FALSE,08:09.0,19:03.0,19:03.0,0:00:00
22:12.5,C:\Windows\prefetch\TASKMGR.EXE-4C8500BA.pf,C:\Users\happy.grunwald\Desktop\acq\C\Windows\prefetch\TASKMGR.EXE-4C8500BA.pf,22618,5DFBB446A58E436993B6E2CC6AAD60F3F3CF04AA,FALSE,28:22.5,28:22.5,12:11.4,0:00:00
22:12.5,C:\Windows\prefetch\TEAMS.EXE-090B503D.pf,C:\Users\happy.grunwald\Desktop\acq\C\Windows\prefetch\TEAMS.EXE-090B503D.pf,52594,80A4120196A9CC6E785112E3BD3F95DB230152EC,FALSE,17:14.9,17:25.1,17:25.1,0:00:00
22:12.5,C:\Windows\prefetch\TEAMS.EXE-090B503E.pf,C:\Users\happy.grunwald\Desktop\acq\C\Windows\prefetch\TEAMS.EXE-090B503E.pf,16791,E2D7DA990D084047BB5917FF900CBB585A69AB54,FALSE,17:25.9,17:30.9,17:30.9,0:00:00
22:12.5,C:\Windows\prefetch\TEAMS.EXE-090B503F.pf,C:\Users\happy.grunwald\Desktop\acq\C\Windows\prefetch\TEAMS.EXE-090B503F.pf,13978,8EAB706B1886D791A29FBA13CA9E5B42A7D01856,FALSE,17:14.9,19:15.8,19:15.8,0:00:00
22:12.5,C:\Windows\prefetch\TEAMS.EXE-090B5045.pf,C:\Users\happy.grunwald\Desktop\acq\C\Windows\prefetch\TEAMS.EXE-090B5045.pf,10236,3BC2182967E074A1F5BD45E4ACE30BAB50689245,FALSE,17:14.9,17:25.8,17:25.8,0:00:00
22:12.5,C:\Windows\prefetch\TEXTINPUTHOST.EXE-BA8181DE.pf,C:\Users\happy.grunwald\Desktop\acq\C\Windows\prefetch\TEXTINPUTHOST.EXE-BA8181DE.pf,20363,1654A48EC77F855879FDC6F8F84FBC58173F92CC,FALSE,14:44.9,14:44.9,12:11.4,0:00:00
22:12.5,C:\Windows\prefetch\TEXTINPUTHOST.EXE-CAB6150D.pf,C:\Users\happy.grunwald\Desktop\acq\C\Windows\prefetch\TEXTINPUTHOST.EXE-CAB6150D.pf,32256,63DA84B7DE745E3389B258BDBCB52862E1D291FE,FALSE,17:00.1,17:20.5,17:20.5,0:00:00
22:12.5,C:\Windows\prefetch\TRUSTEDINSTALLER.EXE-766EFF52.pf,C:\Users\happy.grunwald\Desktop\acq\C\Windows\prefetch\TRUSTEDINSTALLER.EXE-766EFF52.pf,4489,0709256EAF5B97AE48C713E0E62CF2FC82861BC0,FALSE,12:22.3,12:22.3,12:22.3,0:00:00
22:12.5,C:\Windows\prefetch\UHSSVC.EXE-24338E2F.pf,C:\Users\happy.grunwald\Desktop\acq\C\Windows\prefetch\UHSSVC.EXE-24338E2F.pf,3722,99A395A11CC5EE5BEFEC3955B7FECD42FED59696,FALSE,12:35.0,18:14.3,18:14.3,0:00:00
22:12.5,C:\Windows\prefetch\UNIFIEDINSTALLER.EXE-4C6C1CCA.pf,C:\Users\happy.grunwald\Desktop\acq\C\Windows\prefetch\UNIFIEDINSTALLER.EXE-4C6C1CCA.pf,7827,27A39FBD6C8654ACC5E7988D816E01E6C68C367F,FALSE,12:25.8,12:25.8,12:25.8,00:00.0
22:12.5,C:\Windows\prefetch\UNINSTALL.EXE-73AE4314.pf,C:\Users\happy.grunwald\Desktop\acq\C\Windows\prefetch\UNINSTALL.EXE-73AE4314.pf,8417,8442575F32DD82CE87DE94CE779459DB2B9168E8,FALSE,29:15.9,29:15.9,12:11.4,0:00:00
22:12.5,C:\Windows\prefetch\UPDATE.EXE-7F91DD4C.pf,C:\Users\happy.grunwald\Desktop\acq\C\Windows\prefetch\UPDATE.EXE-7F91DD4C.pf,36772,8B0A373B02CB049B9BD11592E5FE94EF1FE3CE5B,FALSE,17:09.8,17:09.8,17:09.8,0:00:00
22:12.5,C:\Windows\prefetch\UPDATE.EXE-A0EA6CFF.pf,C:\Users\happy.grunwald\Desktop\acq\C\Windows\prefetch\UPDATE.EXE-A0EA6CFF.pf,24529,E4A9F9063D08040574AF0A78241F82395EF93FDE,FALSE,17:14.9,17:14.9,17:14.9,0:00:00
22:12.6,C:\Windows\prefetch\UPDATER.EXE-88336796.pf,C:\Users\happy.grunwald\Desktop\acq\C\Windows\prefetch\UPDATER.EXE-88336796.pf,39363,FCA5DCDC9E65CA46CA274DB0C8F675D0431F41BD,FALSE,05:34.3,05:34.3,05:34.3,00:00.0
22:12.6,C:\Windows\prefetch\UPDATER.EXE-A602B903.pf,C:\Users\happy.grunwald\Desktop\acq\C\Windows\prefetch\UPDATER.EXE-A602B903.pf,4654,86CE9736FA867A120B2148F9BFB526636A782BDB,FALSE,05:40.1,05:40.1,05:40.1,0:00:00
22:12.6,C:\Windows\prefetch\UPFC.EXE-89D4FAEB.pf,C:\Users\happy.grunwald\Desktop\acq\C\Windows\prefetch\UPFC.EXE-89D4FAEB.pf,4103,DA517C439B047F6421B33C30B34FADF3F295F6E1,FALSE,03:03.2,03:03.2,03:03.2,0:00:00
22:12.6,C:\Windows\prefetch\USEROOBEBROKER.EXE-65584ADF.pf,C:\Users\happy.grunwald\Desktop\acq\C\Windows\prefetch\USEROOBEBROKER.EXE-65584ADF.pf,7794,1F23C034A766E84AC7A06301FFDBAE7097D3C3D2,FALSE,12:39.8,10:19.6,10:19.6,0:00:00
22:12.6,C:\Windows\prefetch\VCREDIST_X64.EXE-D5DBE3C6.pf,C:\Users\happy.grunwald\Desktop\acq\C\Windows\prefetch\VCREDIST_X64.EXE-D5DBE3C6.pf,23166,3DB437E99E83815AF2356251C39B1CE11332B66A,FALSE,42:03.4,42:03.4,12:11.4,0:00:00
22:12.6,C:\Windows\prefetch\VCREDIST_X86.EXE-A6BFCA90.pf,C:\Users\happy.grunwald\Desktop\acq\C\Windows\prefetch\VCREDIST_X86.EXE-A6BFCA90.pf,23669,CB7F5A528B0628E448DAB3D500EF1CB402801B04,FALSE,42:01.9,42:01.9,12:11.4,0:00:00
22:12.6,C:\Windows\prefetch\VC_REDIST.X64.EXE-2F3BF276.pf,C:\Users\happy.grunwald\Desktop\acq\C\Windows\prefetch\VC_REDIST.X64.EXE-2F3BF276.pf,12730,56E0A9943C6738499B8166CF81D6B4E8CD4D77D7,FALSE,42:03.3,42:03.3,12:11.4,0:00:00
22:12.6,C:\Windows\prefetch\VC_REDIST.X86.EXE-5177144C.pf,C:\Users\happy.grunwald\Desktop\acq\C\Windows\prefetch\VC_REDIST.X86.EXE-5177144C.pf,12936,2B765419A145981544A6C2BD3E73C67F543A3DF8,FALSE,42:01.9,42:01.9,12:11.4,0:00:00
22:12.6,C:\Windows\prefetch\VMTOOLSD.EXE-90328040.pf,C:\Users\happy.grunwald\Desktop\acq\C\Windows\prefetch\VMTOOLSD.EXE-90328040.pf,13365,E6BCDED122CA7F9CEE80718F7FB75E3D253097F7,FALSE,42:36.0,17:11.7,17:11.7,0:00:00
22:12.6,C:\Windows\prefetch\VSSVC.EXE-6C8F0C66.pf,C:\Users\happy.grunwald\Desktop\acq\C\Windows\prefetch\VSSVC.EXE-6C8F0C66.pf,4754,F779B999A99BFC05564A3E061E4BB6A66BC0ED2D,FALSE,12:42.1,12:42.1,12:42.1,00:00.0
22:12.6,C:\Windows\prefetch\WAASMEDICAGENT.EXE-F5A0D296.pf,C:\Users\happy.grunwald\Desktop\acq\C\Windows\prefetch\WAASMEDICAGENT.EXE-F5A0D296.pf,15688,D49D99472090E673D9D69DB7F7B1CA57B6D25B9D,FALSE,03:17.4,03:22.2,03:22.2,0:00:00
22:12.6,C:\Windows\prefetch\WHOAMI.EXE-9D378AFE.pf,C:\Users\happy.grunwald\Desktop\acq\C\Windows\prefetch\WHOAMI.EXE-9D378AFE.pf,3049,0131F8BB0C12BA008864B47FE48F1F1882886093,FALSE,20:15.2,08:20.5,08:20.5,0:00:00
22:12.6,C:\Windows\prefetch\WINRAR-X64-621.EXE-C833BA3D.pf,C:\Users\happy.grunwald\Desktop\acq\C\Windows\prefetch\WINRAR-X64-621.EXE-C833BA3D.pf,35416,D37E4588E7F15A5A99458FADF2D722C5DEACE810,FALSE,29:11.0,29:11.0,12:11.4,0:00:00
22:12.6,C:\Windows\prefetch\WINRAR.EXE-BA8CDB31.pf,C:\Users\happy.grunwald\Desktop\acq\C\Windows\prefetch\WINRAR.EXE-BA8CDB31.pf,48081,B2F564D1B992AA07A600A1AB581293491377D1FD,FALSE,31:41.3,19:41.2,19:41.2,0:00:00
22:12.6,C:\Windows\prefetch\WINWORD.EXE-AB6EC2FA.pf,C:\Users\happy.grunwald\Desktop\acq\C\Windows\prefetch\WINWORD.EXE-AB6EC2FA.pf,50920,69B8E23A920FEE1869902EEBB1073637E0362BC5,FALSE,05:26.7,05:26.7,12:11.2,0:00:00
22:12.6,C:\Windows\prefetch\WMIADAP.EXE-BB21CD77.pf,C:\Users\happy.grunwald\Desktop\acq\C\Windows\prefetch\WMIADAP.EXE-BB21CD77.pf,5200,54357D3B3E0F1D69B0E0AF4646E65A69DF01E631,FALSE,11:02.0,20:02.7,20:02.7,0:00:00
22:12.6,C:\Windows\prefetch\WMIAPSRV.EXE-FC8436DD.pf,C:\Users\happy.grunwald\Desktop\acq\C\Windows\prefetch\WMIAPSRV.EXE-FC8436DD.pf,4659,48414F58CC074CEB4279710577E7E32D51E49256,FALSE,18:29.4,18:39.5,18:39.5,0:00:00
22:12.6,C:\Windows\prefetch\WMIPRVSE.EXE-E8B8DD29.pf,C:\Users\happy.grunwald\Desktop\acq\C\Windows\prefetch\WMIPRVSE.EXE-E8B8DD29.pf,13821,826D00A3B56AFD9D287C93CB8A50F5CFF1FBB7E9,FALSE,08:48.4,03:20.7,03:20.7,00:00.0
22:12.6,C:\Windows\prefetch\WUAUCLT.EXE-5D573F0E.pf,C:\Users\happy.grunwald\Desktop\acq\C\Windows\prefetch\WUAUCLT.EXE-5D573F0E.pf,15937,66DF3B5C096F769B976D9AE8C7481B3E3389EB06,FALSE,12:22.5,12:28.3,12:28.3,0:00:00
22:12.6,C:\Windows\prefetch\WWAHOST.EXE-2CFA09D4.pf,C:\Users\happy.grunwald\Desktop\acq\C\Windows\prefetch\WWAHOST.EXE-2CFA09D4.pf,52711,D67898324336D2ED332E1449D7CDD88E7345FC8B,FALSE,52:16.2,17:32.2,12:11.4,0:00:00
22:12.6,C:\Windows\System32\SRU\SRU.chk,C:\Users\happy.grunwald\Desktop\acq\C\Windows\System32\SRU\SRU.chk,8192,38680004E254CCA40EFD7A10F61B19207FB2193C,FALSE,12:47.8,18:04.2,18:04.2,0:00:00
22:12.6,C:\Windows\System32\SRU\SRU.log,C:\Users\happy.grunwald\Desktop\acq\C\Windows\System32\SRU\SRU.log,65536,B1EB9B0407535D44C9B940AF0B445B29AFC73F5D,FALSE,12:47.8,18:04.2,18:04.2,0:00:00
22:12.6,C:\Windows\System32\SRU\SRU0004E.log,C:\Users\happy.grunwald\Desktop\acq\C\Windows\System32\SRU\SRU0004E.log,65536,43D5EBA2ED6086B404139B310910532F58F0C424,FALSE,12:47.8,01:00.1,01:00.1,0:00:00
22:12.6,C:\Windows\System32\SRU\SRU0004F.log,C:\Users\happy.grunwald\Desktop\acq\C\Windows\System32\SRU\SRU0004F.log,65536,56B1D4E36BA103D094AEC45CF5C940E0A0C60ABB,FALSE,12:47.8,01:00.1,01:00.1,0:00:00
22:12.6,C:\Windows\System32\SRU\SRU00050.log,C:\Users\happy.grunwald\Desktop\acq\C\Windows\System32\SRU\SRU00050.log,65536,6E25A9AF3E6E41E0156F82436C755445BDD113FD,FALSE,12:47.8,15:41.4,15:41.4,00:00.0
22:12.7,C:\Windows\System32\SRU\SRUDB.dat,C:\Users\happy.grunwald\Desktop\acq\C\Windows\System32\SRU\SRUDB.dat,3735552,D4C6A15E897D230C2A4CC2ADBCAC5601F88621AF,FALSE,50:47.3,18:04.2,18:04.2,0:00:00
22:12.7,C:\Windows\System32\SRU\SRUDB.jfm,C:\Users\happy.grunwald\Desktop\acq\C\Windows\System32\SRU\SRUDB.jfm,16384,0A5BE9F7122269ACC0F82F4D34F43D2D84DBBB6C,FALSE,12:47.8,18:04.2,18:04.2,00:00.0
22:12.7,C:\Windows\System32\SRU\SRUres00001.jrs,C:\Users\happy.grunwald\Desktop\acq\C\Windows\System32\SRU\SRUres00001.jrs,65536,1ADC95BEBE9EEA8C112D40CD04AB7A8D75C4F961,FALSE,12:47.8,12:47.8,12:47.8,0:00:00
22:12.7,C:\Windows\System32\SRU\SRUtmp.log,C:\Users\happy.grunwald\Desktop\acq\C\Windows\System32\SRU\SRUtmp.log,65536,70438D9D07D3382FC502C49121E8D7B95872C0C7,FALSE,12:47.8,01:00.1,01:00.1,0:00:00
22:12.7,C:\Windows\System32\config\SAM.LOG1,C:\Users\happy.grunwald\Desktop\acq\C\Windows\System32\config\SAM.LOG1,65536,1BECA057B840BBF40CB76ED66AE7E7B0F5D4FE13,TRUE,03:44.6,03:44.6,03:44.6,0:00:00
22:12.7,C:\Windows\System32\config\SAM.LOG2,C:\Users\happy.grunwald\Desktop\acq\C\Windows\System32\config\SAM.LOG2,32768,FA950F82108D2D96699650C000E6663E35E8286B,TRUE,03:44.6,03:44.6,03:44.6,0:00:00
22:12.7,C:\Windows\System32\config\SECURITY.LOG1,C:\Users\happy.grunwald\Desktop\acq\C\Windows\System32\config\SECURITY.LOG1,86016,30A12B31526C26AA1EA7C4423DBD09C12C3E6190,TRUE,03:44.6,03:44.6,03:44.6,00:00.0
22:14.7,C:\Windows\System32\config\SOFTWARE.LOG1,C:\Users\happy.grunwald\Desktop\acq\C\Windows\System32\config\SOFTWARE.LOG1,27897856,BA400217A76874D2FF426CD0CA3075FC2D4C885A,TRUE,03:44.6,03:44.6,03:44.6,00:00.1
22:16.3,C:\Windows\System32\config\SOFTWARE.LOG2,C:\Users\happy.grunwald\Desktop\acq\C\Windows\System32\config\SOFTWARE.LOG2,21601280,67B5D38CB64847AE99AD095F0E826EFFE3751A95,TRUE,03:44.6,03:44.6,03:44.6,00:00.1
22:16.7,C:\Windows\System32\config\SYSTEM.LOG1,C:\Users\happy.grunwald\Desktop\acq\C\Windows\System32\config\SYSTEM.LOG1,5857280,8C48041AC3D33F39321FEE676DC20F9FD79FF9AE,TRUE,03:44.6,03:44.6,03:44.6,00:00.0
22:16.9,C:\Windows\System32\config\SYSTEM.LOG2,C:\Users\happy.grunwald\Desktop\acq\C\Windows\System32\config\SYSTEM.LOG2,3039232,95770C99C35D087B4863AE1A1D14BF3E7C893D88,TRUE,03:44.6,03:44.6,03:44.6,00:00.0
22:16.9,C:\Windows\System32\config\SAM,C:\Users\happy.grunwald\Desktop\acq\C\Windows\System32\config\SAM,65536,A5FE265F1D2C79218A48E5099A0A70FCA484429C,TRUE,03:44.6,16:00.9,16:00.9,0:00:00
22:16.9,C:\Windows\System32\config\SECURITY,C:\Users\happy.grunwald\Desktop\acq\C\Windows\System32\config\SECURITY,32768,9E02F191F62184DCDC126F3775B766F762FF3E3E,TRUE,03:44.6,16:00.9,16:00.9,0:00:00
22:24.0,C:\Windows\System32\config\SOFTWARE,C:\Users\happy.grunwald\Desktop\acq\C\Windows\System32\config\SOFTWARE,86245376,19B0225B8D8763F4A0E3F495EFC3194D29715AEF,TRUE,03:44.6,16:00.9,16:00.9,00:00.3
22:25.0,C:\Windows\System32\config\SYSTEM,C:\Users\happy.grunwald\Desktop\acq\C\Windows\System32\config\SYSTEM,13631488,91032723643A88858CBF4976B82B5EEA5FF2A967,TRUE,03:44.6,16:00.9,16:00.9,00:00.0
22:25.1,C:\Windows\ServiceProfiles\LocalService\NTUSER.DAT,C:\Users\happy.grunwald\Desktop\acq\C\Windows\ServiceProfiles\LocalService\NTUSER.DAT,16384,D24E6E8C0A9FDE124A13F0D99BBA30F522B746DA,TRUE,06:51.3,16:00.9,16:00.9,0:00:00
22:25.1,C:\Windows\ServiceProfiles\LocalService\NTUSER.DAT.LOG1,C:\Users\happy.grunwald\Desktop\acq\C\Windows\ServiceProfiles\LocalService\NTUSER.DAT.LOG1,32768,559E102A5F06218C53A8ED7182BCD2E00A151718,TRUE,06:51.3,44:47.9,44:47.9,0:00:00
22:25.1,C:\Windows\ServiceProfiles\LocalService\NTUSER.DAT.LOG2,C:\Users\happy.grunwald\Desktop\acq\C\Windows\ServiceProfiles\LocalService\NTUSER.DAT.LOG2,49152,250512DD8DBCDE02D47DDDCF6CE4C1F62874BF83,TRUE,06:51.3,44:47.9,44:47.9,0:00:00
22:25.1,C:\Windows\ServiceProfiles\NetworkService\NTUSER.DAT,C:\Users\happy.grunwald\Desktop\acq\C\Windows\ServiceProfiles\NetworkService\NTUSER.DAT,524288,D52EE0C2F48CD87C67A548A339CB833E1F7970EC,TRUE,06:51.1,16:00.9,16:00.9,0:00:00
22:25.2,C:\Windows\ServiceProfiles\NetworkService\NTUSER.DAT.LOG1,C:\Users\happy.grunwald\Desktop\acq\C\Windows\ServiceProfiles\NetworkService\NTUSER.DAT.LOG1,155648,4F39D149122F548344F291619D00AD6FE91F40FB,TRUE,06:51.1,06:51.1,06:51.1,0:00:00
22:25.3,C:\Users\happy.grunwald\NTUSER.DAT,C:\Users\happy.grunwald\Desktop\acq\C\Users\happy.grunwald\NTUSER.DAT,1310720,26BCE4423A23923864BF24B900FC24C64A3A159F,TRUE,19:21.0,39:09.3,39:09.3,0:00:00
22:25.3,C:\Users\happy.grunwald\ntuser.dat.LOG1,C:\Users\happy.grunwald\Desktop\acq\C\Users\happy.grunwald\ntuser.dat.LOG1,389120,7BEA0AACFA6E4B0D9CA534AB973143D0E54934B6,TRUE,19:21.1,19:21.1,19:21.1,0:00:00
22:25.4,C:\Users\happy.grunwald\ntuser.dat.LOG2,C:\Users\happy.grunwald\Desktop\acq\C\Users\happy.grunwald\ntuser.dat.LOG2,361472,9E9A585D04FA19C369FA13FBA37BC9D34C7A035E,TRUE,19:21.1,19:21.1,19:21.1,0:00:00
22:25.4,C:\Windows\System32\config\DEFAULT,C:\Users\happy.grunwald\Desktop\acq\C\Windows\System32\config\DEFAULT,524288,95F986C8FE519212466151111AF0C6B28180CC65,TRUE,03:44.6,16:00.9,16:00.9,0:00:00
22:25.5,C:\Windows\System32\config\DEFAULT.LOG1,C:\Users\happy.grunwald\Desktop\acq\C\Windows\System32\config\DEFAULT.LOG1,286720,4814326CF674D8E9008769B957B1E91D71FF4F57,TRUE,03:44.7,03:44.7,03:44.7,0:00:00
22:25.5,C:\Windows\System32\config\DEFAULT.LOG2,C:\Users\happy.grunwald\Desktop\acq\C\Windows\System32\config\DEFAULT.LOG2,233472,4ECD7EAD93D8EDDF8994C32FCB8E73686F34FDEE,TRUE,03:44.7,03:44.7,03:44.7,0:00:00
22:25.7,C:\Users\happy.grunwald\AppData\Local\Microsoft\Windows\UsrClass.dat,C:\Users\happy.grunwald\Desktop\acq\C\Users\happy.grunwald\AppData\Local\Microsoft\Windows\UsrClass.dat,2359296,8F60A6FC8F6E66B96DD7566AE5678F485EF8F40B,TRUE,19:21.1,39:09.3,39:09.3,0:00:00
22:25.7,C:\Users\happy.grunwald\AppData\Local\Microsoft\Windows\UsrClass.dat.LOG1,C:\Users\happy.grunwald\Desktop\acq\C\Users\happy.grunwald\AppData\Local\Microsoft\Windows\UsrClass.dat.LOG1,1064960,81B96BE06CB283F4BF8BCD6C31CBEDE90D99E13E,TRUE,19:21.1,19:21.1,19:21.1,0:00:00
22:25.8,C:\Users\happy.grunwald\AppData\Local\Microsoft\Windows\UsrClass.dat.LOG2,C:\Users\happy.grunwald\Desktop\acq\C\Users\happy.grunwald\AppData\Local\Microsoft\Windows\UsrClass.dat.LOG2,327680,9F505ABFD0674B3AD95BB844ED343B8B79BEBEF2,TRUE,19:21.1,19:21.1,19:21.1,0:00:00
