Id,Timestamp,ExeInfo,ExeInfoDescription,ExeTimestamp,SidType,Sid,UserName,UserId,AppId,BytesReceived,BytesSent,InterfaceLuid,InterfaceType,L2ProfileFlags,L2ProfileId,ProfileName
5,2025-05-29 21:22:00,Dhcp,,,LocalService,S-1-5-19,,6,854,0,4550,19985273102270464,IF_TYPE_IEEE80211,0,268435457,
6,2025-05-29 21:22:00,System\IPv6 Control Message,,,LocalSystem,S-1-5-18,,4,856,0,6412,19985273102270464,IF_TYPE_IEEE80211,0,268435457,
7,2025-05-29 21:22:00,,,,UnknownOrUserSid,,,2,1,11046,35635,19985273102270464,IF_TYPE_IEEE80211,0,268435457,
8,2025-05-29 21:22:00,,,,UnknownOrUserSid,,,2,1,3540,4006,19985273102270464,IF_TYPE_IEEE80211,0,0,
9,2025-05-29 21:22:00,\device\harddiskvolume3\windows\system32\appidcertstorecheck.exe,,,LocalService,S-1-5-19,,6,1435,27441,4627,19985273102270464,IF_TYPE_IEEE80211,0,268435458,
10,2025-05-29 21:22:00,Microsoft.Windows.OOBENetworkCaptivePortal_10.0.21302.1000_neutral__cw5n1h2txyewy,,,UnknownOrUserSid,S-1-5-21-3742442691-1288352992-3554343984-1000,,1285,1289,59513,11054,19985273102270464,IF_TYPE_IEEE80211,0,268435458,
11,2025-05-29 21:22:00,netprofm,,,NetworkService,S-1-5-20,,24,1436,7888,7032,19985273102270464,IF_TYPE_IEEE80211,0,268435458,
12,2025-05-29 21:22:00,Dnscache,,,NetworkService,S-1-5-20,,24,855,16871,8398,19985273102270464,IF_TYPE_IEEE80211,0,268435458,
13,2025-05-29 21:22:00,System,,,LocalSystem,S-1-5-18,,4,161,0,600,19985273102270464,IF_TYPE_IEEE80211,0,268435458,
14,2025-05-29 21:22:00,System\IPv6 Control Message,,,LocalSystem,S-1-5-18,,4,856,0,2668,19985273102270464,IF_TYPE_IEEE80211,0,268435458,
15,2025-05-29 21:22:00,Dhcp,,,LocalService,S-1-5-19,,6,854,0,313,19985273102270464,IF_TYPE_IEEE80211,0,268435458,
16,2025-05-29 21:22:00,,,,UnknownOrUserSid,,,2,1,117110,47048,19985273102270464,IF_TYPE_IEEE80211,0,268435458,
19,2025-05-30 18:21:00,\device\harddiskvolume3\windows\uus\packages\preview\amd64\mousocoreworker.exe,,,LocalSystem,S-1-5-18,,4,1548,33521,7800,19985273102270464,IF_TYPE_IEEE80211,0,268435457,
20,2025-05-30 18:21:00,wlidsvc,,,UnknownOrUserSid,S-1-5-21-3742442691-1288352992-3554343984-1000,,1285,1549,55304,21720,19985273102270464,IF_TYPE_IEEE80211,0,268435457,
21,2025-05-30 18:21:00,DsmSvc,,,LocalSystem,S-1-5-18,,4,1550,24151,5461,19985273102270464,IF_TYPE_IEEE80211,0,268435457,
22,2025-05-30 18:21:00,\device\harddiskvolume3\windows\system32\sihclient.exe,,,UnknownOrUserSid,S-1-5-21-3742442691-1288352992-3554343984-1000,,1285,1551,66558,6502,19985273102270464,IF_TYPE_IEEE80211,0,268435457,
23,2025-05-30 18:21:00,wuauserv,,,LocalSystem,S-1-5-18,,4,1552,6748666,829237,19985273102270464,IF_TYPE_IEEE80211,0,268435457,
24,2025-05-30 18:21:00,wuauserv,,,UnknownOrUserSid,S-1-5-21-3742442691-1288352992-3554343984-1000,,1285,1552,2835459,137752,19985273102270464,IF_TYPE_IEEE80211,0,268435457,
25,2025-05-30 18:21:00,WManSvc,,,LocalSystem,S-1-5-18,,4,1553,7203,7155,19985273102270464,IF_TYPE_IEEE80211,0,268435457,
26,2025-05-30 18:21:00,Microsoft.Windows.CloudExperienceHost_10.0.22621.2506_neutral_neutral_cw5n1h2txyewy,,,UnknownOrUserSid,S-1-5-21-3742442691-1288352992-3554343984-1000,,1285,1286,470260,29000,19985273102270464,IF_TYPE_IEEE80211,0,268435457,
27,2025-05-30 18:21:00,LicenseManager,,,LocalService,S-1-5-19,,6,1554,1303473,579024,19985273102270464,IF_TYPE_IEEE80211,0,268435457,
28,2025-05-30 18:21:00,WaaSMedicSvc,,,LocalSystem,S-1-5-18,,4,1555,20307,5761,19985273102270464,IF_TYPE_IEEE80211,0,268435457,
29,2025-05-30 18:21:00,wlidsvc,,,LocalService,S-1-5-19,,6,1549,52838,17112,19985273102270464,IF_TYPE_IEEE80211,0,268435457,
30,2025-05-30 18:21:00,BITS,,,LocalService,S-1-5-19,,6,1556,536386,13489,19985273102270464,IF_TYPE_IEEE80211,0,268435457,
31,2025-05-30 18:21:00,wlidsvc,,,LocalSystem,S-1-5-18,,4,1549,166619,90879,19985273102270464,IF_TYPE_IEEE80211,0,268435457,
32,2025-05-30 18:21:00,netprofm,,,NetworkService,S-1-5-20,,24,1436,483,327,19985273102270464,IF_TYPE_IEEE80211,0,268435457,
33,2025-05-30 18:21:00,InstallService,,,LocalSystem,S-1-5-18,,4,1557,4494002,222174,19985273102270464,IF_TYPE_IEEE80211,0,268435457,
34,2025-05-30 18:21:00,Dnscache,,,NetworkService,S-1-5-20,,24,855,12339,5224,19985273102270464,IF_TYPE_IEEE80211,0,268435457,
35,2025-05-30 18:21:00,System,,,LocalSystem,S-1-5-18,,4,161,0,304,19985273102270464,IF_TYPE_IEEE80211,0,268435457,
36,2025-05-30 18:21:00,System\IPv6 Control Message,,,LocalSystem,S-1-5-18,,4,856,0,2068,19985273102270464,IF_TYPE_IEEE80211,0,268435457,
37,2025-05-30 18:21:00,Dhcp,,,LocalService,S-1-5-19,,6,854,0,1925,19985273102270464,IF_TYPE_IEEE80211,0,268435457,
38,2025-05-30 18:21:00,,,,UnknownOrUserSid,,,2,1,204173916,4848413,19985273102270464,IF_TYPE_IEEE80211,0,268435457,
39,2025-05-30 18:21:00,DoSvc,,,UnknownOrUserSid,S-1-5-21-3742442691-1288352992-3554343984-1000,,1285,1558,5155366,106659,19985273102270464,IF_TYPE_IEEE80211,0,268435457,
40,2025-05-30 18:21:00,CryptSvc,,,UnknownOrUserSid,S-1-5-21-3742442691-1288352992-3554343984-1000,,1285,1559,8533,412,19985273102270464,IF_TYPE_IEEE80211,0,268435457,
41,2025-05-30 18:21:00,DiagTrack,,,UnknownOrUserSid,S-1-5-21-3742442691-1288352992-3554343984-1000,,1285,1560,74917,10034,19985273102270464,IF_TYPE_IEEE80211,0,268435457,
42,2025-05-30 18:21:00,\device\harddiskvolume3\program files (x86)\microsoft\edgeupdate\microsoftedgeupdate.exe,,,UnknownOrUserSid,S-1-5-21-3742442691-1288352992-3554343984-1000,,1285,1561,181498493,2577957,19985273102270464,IF_TYPE_IEEE80211,0,268435457,
43,2025-05-30 18:21:00,\device\harddiskvolume3\program files (x86)\microsoft\edgeupdate\microsoftedgeupdate.exe,,,LocalSystem,S-1-5-18,,4,1561,8733,3562,19985273102270464,IF_TYPE_IEEE80211,0,268435457,
44,2025-05-30 18:21:00,W32Time,,,LocalService,S-1-5-19,,6,1562,110,108,19985273102270464,IF_TYPE_IEEE80211,0,268435457,
45,2025-05-30 18:21:00,\device\harddiskvolume3\windows\system32\taskhostw.exe,,,LocalSystem,S-1-5-18,,4,1563,383993,126086,19985273102270464,IF_TYPE_IEEE80211,0,268435457,
46,2025-05-30 18:21:00,WpnService,,,LocalSystem,S-1-5-18,,4,1564,6419,4120,19985273102270464,IF_TYPE_IEEE80211,0,268435457,
47,2025-05-30 18:21:00,UsoSvc,,,LocalSystem,S-1-5-18,,4,1565,5179,2741,19985273102270464,IF_TYPE_IEEE80211,0,268435457,
49,2025-05-30 18:30:00,HpTouchpointAnalyticsService,,,LocalSystem,S-1-5-18,,4,1599,8740,2483,19985273102270464,IF_TYPE_IEEE80211,0,268435457,
50,2025-05-30 18:30:00,netprofm,,,NetworkService,S-1-5-20,,24,1436,966,942,19985273102270464,IF_TYPE_IEEE80211,0,268435457,
51,2025-05-30 18:30:00,\device\harddiskvolume3\program files (x86)\microsoft\edgeupdate\microsoftedgeupdate.exe,,,LocalSystem,S-1-5-18,,4,1561,52488,24606,19985273102270464,IF_TYPE_IEEE80211,0,268435457,
52,2025-05-30 18:30:00,\device\harddiskvolume3\program files (x86)\microsoft\edgeupdate\microsoftedgeupdate.exe,,,UnknownOrUserSid,S-1-5-21-3742442691-1288352992-3554343984-1000,,1285,1561,33508,27015,19985273102270464,IF_TYPE_IEEE80211,0,268435457,
53,2025-05-30 18:30:00,\device\harddiskvolume3\program files\common files\microsoft shared\clicktorun\officeclicktorun.exe,,,LocalSystem,S-1-5-18,,4,1600,9013,4846,19985273102270464,IF_TYPE_IEEE80211,0,268435457,
54,2025-05-30 18:30:00,Dnscache,,,NetworkService,S-1-5-20,,24,855,29001,16661,19985273102270464,IF_TYPE_IEEE80211,0,268435457,
55,2025-05-30 18:30:00,System\IPv6 Control Message,,,LocalSystem,S-1-5-18,,4,856,0,996,19985273102270464,IF_TYPE_IEEE80211,0,268435457,
56,2025-05-30 18:30:00,System,,,LocalSystem,S-1-5-18,,4,161,0,1168,19985273102270464,IF_TYPE_IEEE80211,0,268435457,
57,2025-05-30 18:30:00,Dhcp,,,LocalService,S-1-5-19,,6,854,0,1400,19985273102270464,IF_TYPE_IEEE80211,0,268435457,
58,2025-05-30 18:30:00,,,,UnknownOrUserSid,,,2,1,64628121,5451118,19985273102270464,IF_TYPE_IEEE80211,0,268435457,
59,2025-05-30 18:30:00,wlidsvc,,,LocalSystem,S-1-5-18,,4,1549,49563,24635,19985273102270464,IF_TYPE_IEEE80211,0,268435457,
60,2025-05-30 18:30:00,\device\harddiskvolume3\windows\system32\smartscreen.exe,,,UnknownOrUserSid,S-1-5-21-3742442691-1288352992-3554343984-1000,,1285,1601,668129,26654,19985273102270464,IF_TYPE_IEEE80211,0,268435457,
61,2025-05-30 18:30:00,wlidsvc,,,UnknownOrUserSid,S-1-5-21-3742442691-1288352992-3554343984-1000,,1285,1549,17594,7058,19985273102270464,IF_TYPE_IEEE80211,0,268435457,
62,2025-05-30 18:30:00,Microsoft.Windows.CloudExperienceHost_10.0.22621.2506_neutral_neutral_cw5n1h2txyewy,,,UnknownOrUserSid,S-1-5-21-3742442691-1288352992-3554343984-1000,,1285,1286,6662254,1096420,19985273102270464,IF_TYPE_IEEE80211,0,268435457,
63,2025-05-30 18:30:00,WaaSMedicSvc,,,LocalSystem,S-1-5-18,,4,1555,8687,2273,19985273102270464,IF_TYPE_IEEE80211,0,268435457,
64,2025-05-30 18:30:00,wlidsvc,,,UnknownOrUserSid,S-1-5-21-3742442691-1288352992-3554343984-1001,,1602,1549,740490,283917,19985273102270464,IF_TYPE_IEEE80211,0,268435457,
65,2025-05-30 18:30:00,DoSvc,,,UnknownOrUserSid,S-1-5-21-3742442691-1288352992-3554343984-1000,,1285,1558,42902,8777,19985273102270464,IF_TYPE_IEEE80211,0,268435457,
66,2025-05-30 18:30:00,Spooler,,,LocalSystem,S-1-5-18,,4,1603,0,0,0,0,0,0,
67,2025-05-30 18:30:00,DiagTrack,,,UnknownOrUserSid,S-1-5-21-3742442691-1288352992-3554343984-1000,,1285,1560,16753,19476,19985273102270464,IF_TYPE_IEEE80211,0,268435457,
68,2025-05-30 18:30:00,\device\harddiskvolume3\windows\system32\taskhostw.exe,,,LocalSystem,S-1-5-18,,4,1563,28930,19081,19985273102270464,IF_TYPE_IEEE80211,0,268435457,
69,2025-05-30 18:30:00,WpnService,,,LocalSystem,S-1-5-18,,4,1564,14308,9404,19985273102270464,IF_TYPE_IEEE80211,0,268435457,
70,2025-05-30 18:30:00,wuauserv,,,LocalSystem,S-1-5-18,,4,1552,15397,222699,19985273102270464,IF_TYPE_IEEE80211,0,268435457,
71,2025-05-30 18:30:00,Microsoft.Windows.StartMenuExperienceHost_10.0.22621.4249_neutral_neutral_cw5n1h2txyewy,,,UnknownOrUserSid,S-1-5-21-3742442691-1288352992-3554343984-1001,,1602,1604,212310,35626,19985273102270464,IF_TYPE_IEEE80211,0,268435457,
72,2025-05-30 18:30:00,Microsoft.Windows.ContentDeliveryManager_10.0.22621.2506_neutral_neutral_cw5n1h2txyewy,,,UnknownOrUserSid,S-1-5-21-3742442691-1288352992-3554343984-1001,,1602,1287,51051,21207,19985273102270464,IF_TYPE_IEEE80211,0,268435457,
73,2025-05-30 18:30:00,MicrosoftWindows.Client.CBS_1000.22700.1081.0_x64__cw5n1h2txyewy,,,UnknownOrUserSid,S-1-5-21-3742442691-1288352992-3554343984-1001,,1602,1605,2678116,176856,19985273102270464,IF_TYPE_IEEE80211,0,268435457,
74,2025-05-30 18:30:00,CDPUserSvc_1b72fb,,,UnknownOrUserSid,S-1-5-21-3742442691-1288352992-3554343984-1001,,1602,1606,165973,213756,19985273102270464,IF_TYPE_IEEE80211,0,268435457,
75,2025-05-30 18:30:00,lfsvc,,,LocalSystem,S-1-5-18,,4,1607,27765,5193,19985273102270464,IF_TYPE_IEEE80211,0,268435457,
76,2025-05-30 18:30:00,DiagTrack,,,UnknownOrUserSid,S-1-5-21-3742442691-1288352992-3554343984-1001,,1602,1560,22490,219772,19985273102270464,IF_TYPE_IEEE80211,0,268435457,
77,2025-05-30 18:30:00,\device\harddiskvolume3\windows\system32\bitlockerdeviceencryption.exe,,,UnknownOrUserSid,S-1-5-21-3742442691-1288352992-3554343984-1001,,1602,1608,20530,4694,19985273102270464,IF_TYPE_IEEE80211,0,268435457,
78,2025-05-30 18:30:00,DiagTrack,,,LocalSystem,S-1-5-18,,4,1560,5460,3525,19985273102270464,IF_TYPE_IEEE80211,0,268435457,
79,2025-05-30 18:30:00,\device\harddiskvolume3\program files\common files\microsoft shared\clicktorun\officec2rclient.exe,,,LocalSystem,S-1-5-18,,4,1609,51108,4179,19985273102270464,IF_TYPE_IEEE80211,0,268435457,
80,2025-05-30 18:30:00,\device\harddiskvolume3\program files (x86)\microsoft\edge\application\msedge.exe,,,UnknownOrUserSid,S-1-5-21-3742442691-1288352992-3554343984-1001,,1602,1610,6941702,714386,19985273102270464,IF_TYPE_IEEE80211,0,268435457,
81,2025-05-30 18:30:00,\device\harddiskvolume3\windows\system32\driverstore\filerepository\hpcustomcapcomp.inf_amd64_1f7d1981016f7e88\x64\bridgecommunication.exe,,,UnknownOrUserSid,S-1-5-21-3742442691-1288352992-3554343984-1001,,1602,1611,32871,3624,19985273102270464,IF_TYPE_IEEE80211,0,268435457,
82,2025-05-30 18:30:00,InstallService,,,UnknownOrUserSid,S-1-5-21-3742442691-1288352992-3554343984-1001,,1602,1557,54132,2901,19985273102270464,IF_TYPE_IEEE80211,0,268435457,
83,2025-05-30 18:30:00,HPAppHelperCap,,,LocalSystem,S-1-5-18,,4,1612,1278,452,19985273102270464,IF_TYPE_IEEE80211,0,268435457,
84,2025-05-30 18:30:00,HPSysInfoCap,,,LocalSystem,S-1-5-18,,4,1613,2556,832,19985273102270464,IF_TYPE_IEEE80211,0,268435457,
85,2025-05-30 18:30:00,HPNetworkCap,,,LocalSystem,S-1-5-18,,4,1614,1278,452,19985273102270464,IF_TYPE_IEEE80211,0,268435457,
86,2025-05-30 18:30:00,HPDiagsCap,,,LocalSystem,S-1-5-18,,4,1615,1277,452,19985273102270464,IF_TYPE_IEEE80211,0,268435457,
87,2025-05-30 18:30:00,\device\harddiskvolume3\windows\explorer.exe,,,UnknownOrUserSid,S-1-5-21-3742442691-1288352992-3554343984-1001,,1602,1616,21248,8548,19985273102270464,IF_TYPE_IEEE80211,0,268435457,
88,2025-05-30 18:30:00,\device\harddiskvolume3\program files (x86)\microsoft\edgeupdate\microsoftedgeupdate.exe,,,UnknownOrUserSid,S-1-5-21-3742442691-1288352992-3554343984-1001,,1602,1561,5671,4550,19985273102270464,IF_TYPE_IEEE80211,0,268435457,
89,2025-05-30 18:30:00,CDPSvc,,,LocalService,S-1-5-19,,6,1617,11779,5741,19985273102270464,IF_TYPE_IEEE80211,0,268435457,
90,2025-05-30 18:30:00,\device\harddiskvolume3\windows\system32\onedrivesetup.exe,,,UnknownOrUserSid,S-1-5-21-3742442691-1288352992-3554343984-1001,,1602,1618,16953,13384,19985273102270464,IF_TYPE_IEEE80211,0,268435457,
91,2025-05-30 18:30:00,BITS,,,UnknownOrUserSid,S-1-5-21-3742442691-1288352992-3554343984-1001,,1602,1556,42000479,2026141,19985273102270464,IF_TYPE_IEEE80211,0,268435457,
92,2025-05-30 18:30:00,Microsoft.WindowsStore_22504.1401.19.0_x64__8wekyb3d8bbwe,,,UnknownOrUserSid,S-1-5-21-3742442691-1288352992-3554343984-1001,,1602,1619,793684,12413,19985273102270464,IF_TYPE_IEEE80211,0,268435457,
93,2025-05-30 18:30:00,BrRmService,,,LocalSystem,S-1-5-18,,4,1620,2991808,114187,19985273102270464,IF_TYPE_IEEE80211,0,268435457,
94,2025-05-30 18:30:00,SecurityUpdateService,,,LocalSystem,S-1-5-18,,4,1621,9266,9631,19985273102270464,IF_TYPE_IEEE80211,0,268435457,
95,2025-05-30 18:30:00,\device\harddiskvolume3\users\ernes\appdata\local\microsoft\onedrive\onedrive.exe,,,UnknownOrUserSid,S-1-5-21-3742442691-1288352992-3554343984-1001,,1602,1622,23437,5402,19985273102270464,IF_TYPE_IEEE80211,0,268435457,
96,2025-05-30 18:30:00,Microsoft.DesktopAppInstaller_1.25.390.0_x64__8wekyb3d8bbwe,,,UnknownOrUserSid,S-1-5-21-3742442691-1288352992-3554343984-1001,,1602,1623,16375,4507,19985273102270464,IF_TYPE_IEEE80211,0,268435457,
111,2025-05-30 19:10:00,\device\harddiskvolume3\program files (x86)\microsoft\edge\application\msedge.exe,,,UnknownOrUserSid,S-1-5-21-3742442691-1288352992-3554343984-1001,,1602,1610,90367136,8202706,19985273102270464,IF_TYPE_IEEE80211,0,268435457,
112,2025-05-30 19:10:00,BITS,,,UnknownOrUserSid,S-1-5-21-3742442691-1288352992-3554343984-1001,,1602,1556,65819979,2919584,19985273102270464,IF_TYPE_IEEE80211,0,268435457,
113,2025-05-30 19:10:00,,,,UnknownOrUserSid,,,2,1,1206609706,54767536,19985273102270464,IF_TYPE_IEEE80211,0,268435457,
114,2025-05-30 19:10:00,\device\harddiskvolume3\users\ernes\appdata\local\microsoft\onedrive\25.085.0504.0002\microsoft.sharepoint.exe,,,UnknownOrUserSid,S-1-5-21-3742442691-1288352992-3554343984-1001,,1602,1823,7710,4037,19985273102270464,IF_TYPE_IEEE80211,0,268435457,
115,2025-05-30 19:10:00,wlidsvc,,,UnknownOrUserSid,S-1-5-21-3742442691-1288352992-3554343984-1001,,1602,1549,270592,127793,19985273102270464,IF_TYPE_IEEE80211,0,268435457,
116,2025-05-30 19:10:00,MicrosoftWindows.Client.CBS_1000.22700.1081.0_x64__cw5n1h2txyewy,,,UnknownOrUserSid,S-1-5-21-3742442691-1288352992-3554343984-1001,,1602,1605,278704,159852,19985273102270464,IF_TYPE_IEEE80211,0,268435457,
117,2025-05-30 19:10:00,\device\harddiskvolume3\users\ernes\appdata\local\microsoft\onedrive\onedrive.exe,,,UnknownOrUserSid,S-1-5-21-3742442691-1288352992-3554343984-1001,,1602,1622,515734,928238,19985273102270464,IF_TYPE_IEEE80211,0,268435457,
118,2025-05-30 19:10:00,Microsoft.DesktopAppInstaller_1.25.390.0_x64__8wekyb3d8bbwe,,,UnknownOrUserSid,S-1-5-21-3742442691-1288352992-3554343984-1001,,1602,1623,211815,58289,19985273102270464,IF_TYPE_IEEE80211,0,268435457,
119,2025-05-30 19:10:00,CDPUserSvc_1b72fb,,,UnknownOrUserSid,S-1-5-21-3742442691-1288352992-3554343984-1001,,1602,1606,924554,1029331,19985273102270464,IF_TYPE_IEEE80211,0,268435457,
120,2025-05-30 19:10:00,Microsoft.Windows.ContentDeliveryManager_10.0.22621.2506_neutral_neutral_cw5n1h2txyewy,,,UnknownOrUserSid,S-1-5-21-3742442691-1288352992-3554343984-1001,,1602,1287,2478079,71466,19985273102270464,IF_TYPE_IEEE80211,0,268435457,
121,2025-05-30 19:10:00,Microsoft.WindowsStore_22504.1401.19.0_x64__8wekyb3d8bbwe,,,UnknownOrUserSid,S-1-5-21-3742442691-1288352992-3554343984-1001,,1602,1619,0,216,19985273102270464,IF_TYPE_IEEE80211,0,268435457,
122,2025-05-30 19:10:00,\device\harddiskvolume3\users\ernes\appdata\local\microsoft\onedrive\update\onedrivesetup.exe,,,UnknownOrUserSid,S-1-5-21-3742442691-1288352992-3554343984-1001,,1602,1824,18839,34174,19985273102270464,IF_TYPE_IEEE80211,0,268435457,
123,2025-05-30 19:10:00,\device\harddiskvolume3\windows\system32\driverstore\filerepository\hpcustomcapcomp.inf_amd64_1f7d1981016f7e88\x64\bridgecommunication.exe,,,UnknownOrUserSid,S-1-5-21-3742442691-1288352992-3554343984-1001,,1602,1611,11237,9514,19985273102270464,IF_TYPE_IEEE80211,0,268435457,
124,2025-05-30 19:10:00,HPSysInfoCap,,,LocalSystem,S-1-5-18,,4,1613,74,144,19985273102270464,IF_TYPE_IEEE80211,0,268435457,
125,2025-05-30 19:10:00,CDPSvc,,,LocalService,S-1-5-19,,6,1617,19372,10117,19985273102270464,IF_TYPE_IEEE80211,0,268435457,
126,2025-05-30 19:10:00,Dnscache,,,NetworkService,S-1-5-20,,24,855,62171,33726,19985273102270464,IF_TYPE_IEEE80211,0,268435457,
127,2025-05-30 19:10:00,Microsoft.Windows.StartMenuExperienceHost_10.0.22621.4249_neutral_neutral_cw5n1h2txyewy,,,UnknownOrUserSid,S-1-5-21-3742442691-1288352992-3554343984-1001,,1602,1604,877,504,19985273102270464,IF_TYPE_IEEE80211,0,268435457,
128,2025-05-30 19:10:00,HPDiagsCap,,,LocalSystem,S-1-5-18,,4,1615,74,144,19985273102270464,IF_TYPE_IEEE80211,0,268435457,
129,2025-05-30 19:10:00,HPAppHelperCap,,,LocalSystem,S-1-5-18,,4,1612,2193,1050,19985273102270464,IF_TYPE_IEEE80211,0,268435457,
130,2025-05-30 19:10:00,HPNetworkCap,,,LocalSystem,S-1-5-18,,4,1614,18772,5323,19985273102270464,IF_TYPE_IEEE80211,0,268435457,
131,2025-05-30 19:10:00,SecurityUpdateService,,,LocalSystem,S-1-5-18,,4,1621,671787935,24768043,19985273102270464,IF_TYPE_IEEE80211,0,268435457,
132,2025-05-30 19:10:00,BrRmService,,,LocalSystem,S-1-5-18,,4,1620,148,288,19985273102270464,IF_TYPE_IEEE80211,0,268435457,
133,2025-05-30 19:10:00,\device\harddiskvolume3\windows\explorer.exe,,,UnknownOrUserSid,S-1-5-21-3742442691-1288352992-3554343984-1001,,1602,1616,703942,137473,19985273102270464,IF_TYPE_IEEE80211,0,268435457,
134,2025-05-30 19:10:00,Microsoft.WindowsNotepad_11.2501.31.0_x64__8wekyb3d8bbwe,,,UnknownOrUserSid,S-1-5-21-3742442691-1288352992-3554343984-1001,,1602,1825,8305,3667,19985273102270464,IF_TYPE_IEEE80211,0,268435457,
135,2025-05-30 19:10:00,DiagTrack,,,UnknownOrUserSid,S-1-5-21-3742442691-1288352992-3554343984-1001,,1602,1560,1077086,281604,19985273102270464,IF_TYPE_IEEE80211,0,268435457,
136,2025-05-30 19:10:00,WpnService,,,LocalSystem,S-1-5-18,,4,1564,3685,3661,19985273102270464,IF_TYPE_IEEE80211,0,268435457,
137,2025-05-30 19:10:00,MicrosoftWindows.Client.WebExperience_525.10401.30.0_x64__cw5n1h2txyewy,,,UnknownOrUserSid,S-1-5-21-3742442691-1288352992-3554343984-1001,,1602,1826,17501121,933840,19985273102270464,IF_TYPE_IEEE80211,0,268435457,
138,2025-05-30 19:10:00,wlidsvc,,,LocalSystem,S-1-5-18,,4,1549,19510,6404,19985273102270464,IF_TYPE_IEEE80211,0,268435457,
139,2025-05-30 19:10:00,\device\harddiskvolume3\windows\system32\taskhostw.exe,,,LocalSystem,S-1-5-18,,4,1563,28323,11731,19985273102270464,IF_TYPE_IEEE80211,0,268435457,
140,2025-05-30 19:10:00,wuauserv,,,UnknownOrUserSid,S-1-5-21-3742442691-1288352992-3554343984-1001,,1602,1552,2135711,79647,19985273102270464,IF_TYPE_IEEE80211,0,268435457,
141,2025-05-30 19:10:00,wuauserv,,,LocalSystem,S-1-5-18,,4,1552,71541,297460,19985273102270464,IF_TYPE_IEEE80211,0,268435457,
142,2025-05-30 19:10:00,\device\harddiskvolume3\program files\microsoft office\root\office16\sdxhelper.exe,,,UnknownOrUserSid,S-1-5-21-3742442691-1288352992-3554343984-1001,,1602,1827,151035720,7393491,19985273102270464,IF_TYPE_IEEE80211,0,268435457,
143,2025-05-30 19:10:00,\device\harddiskvolume3\windows\system32\taskhostw.exe,,,UnknownOrUserSid,S-1-5-21-3742442691-1288352992-3554343984-1001,,1602,1563,9236,3485,19985273102270464,IF_TYPE_IEEE80211,0,268435457,
144,2025-05-30 19:10:00,DoSvc,,,UnknownOrUserSid,S-1-5-21-3742442691-1288352992-3554343984-1001,,1602,1558,31813757,788147,19985273102270464,IF_TYPE_IEEE80211,0,268435457,
145,2025-05-30 19:10:00,WpnUserService_1b72fb,,,UnknownOrUserSid,S-1-5-21-3742442691-1288352992-3554343984-1001,,1602,1828,8580,1451,19985273102270464,IF_TYPE_IEEE80211,0,268435457,
146,2025-05-30 19:10:00,\device\harddiskvolume3\program files (x86)\hp\hp support framework\resources\hpwarrantycheck\hpwarrantychecker.exe,,,UnknownOrUserSid,S-1-5-21-3742442691-1288352992-3554343984-1001,,1602,1829,168947,7035,19985273102270464,IF_TYPE_IEEE80211,0,268435457,
147,2025-05-30 19:10:00,\device\harddiskvolume3\windows\system32\apphostregistrationverifier.exe,,,UnknownOrUserSid,S-1-5-21-3742442691-1288352992-3554343984-1001,,1602,1830,195837,33685,19985273102270464,IF_TYPE_IEEE80211,0,268435457,
148,2025-05-30 19:10:00,CryptSvc,,,NetworkService,S-1-5-20,,24,1559,2277,511,19985273102270464,IF_TYPE_IEEE80211,0,268435457,
149,2025-05-30 19:10:00,System,,,LocalSystem,S-1-5-18,,4,161,0,216,19985273102270464,IF_TYPE_IEEE80211,0,268435457,
150,2025-05-30 19:10:00,System\IPv6 Control Message,,,LocalSystem,S-1-5-18,,4,856,0,324,19985273102270464,IF_TYPE_IEEE80211,0,268435457,
151,2025-05-30 19:10:00,\device\harddiskvolume3\program files (x86)\bravesoftware\update\braveupdate.exe,,,UnknownOrUserSid,S-1-5-21-3742442691-1288352992-3554343984-1001,,1602,1831,142007204,5507738,19985273102270464,IF_TYPE_IEEE80211,0,268435457,
152,2025-05-30 19:10:00,\device\harddiskvolume3\windows\system32\smartscreen.exe,,,UnknownOrUserSid,S-1-5-21-3742442691-1288352992-3554343984-1001,,1602,1601,21881,5388,19985273102270464,IF_TYPE_IEEE80211,0,268435457,
153,2025-05-30 19:10:00,\device\harddiskvolume3\program files\bravesoftware\brave-browser\application\brave.exe,,,UnknownOrUserSid,S-1-5-21-3742442691-1288352992-3554343984-1001,,1602,1832,26110593,709547,19985273102270464,IF_TYPE_IEEE80211,0,268435457,
154,2025-05-30 19:10:00,BrEndpointSvc,,,LocalSystem,S-1-5-18,,4,1833,292579,86315,19985273102270464,IF_TYPE_IEEE80211,0,268435457,
155,2025-05-30 19:10:00,netprofm,,,NetworkService,S-1-5-20,,24,1436,3070,3325,19985273102270464,IF_TYPE_IEEE80211,0,268435457,
156,2025-05-30 19:10:00,Dhcp,,,LocalService,S-1-5-19,,6,854,0,1400,19985273102270464,IF_TYPE_IEEE80211,0,268435457,
157,2025-05-30 19:10:00,\device\harddiskvolume3\windows\system32\devicecensus.exe,,,UnknownOrUserSid,S-1-5-21-3742442691-1288352992-3554343984-1001,,1602,1834,4874,1068,19985273102270464,IF_TYPE_IEEE80211,0,268435457,
158,2025-05-30 19:10:00,\device\harddiskvolume3\program files\bravesoftware\brave-browser\application\brave.exe,,,UnknownOrUserSid,S-1-5-21-3742442691-1288352992-3554343984-1001,,1602,1832,162794027,1002327,19985273102270464,IF_TYPE_IEEE80211,0,268435459,
159,2025-05-30 19:10:00,\device\harddiskvolume3\windows\system32\wermgr.exe,,,UnknownOrUserSid,S-1-5-21-3742442691-1288352992-3554343984-1001,,1602,1835,13198,17196,19985273102270464,IF_TYPE_IEEE80211,0,268435459,
160,2025-05-30 19:10:00,Microsoft.Windows.ContentDeliveryManager_10.0.22621.2506_neutral_neutral_cw5n1h2txyewy,,,UnknownOrUserSid,S-1-5-21-3742442691-1288352992-3554343984-1001,,1602,1287,81027,27791,19985273102270464,IF_TYPE_IEEE80211,0,268435459,
161,2025-05-30 19:10:00,wlidsvc,,,LocalSystem,S-1-5-18,,4,1549,17139,6341,19985273102270464,IF_TYPE_IEEE80211,0,268435459,
162,2025-05-30 19:10:00,DoSvc,,,UnknownOrUserSid,S-1-5-21-3742442691-1288352992-3554343984-1001,,1602,1558,12152,2783,19985273102270464,IF_TYPE_IEEE80211,0,268435459,
163,2025-05-30 19:10:00,DiagTrack,,,UnknownOrUserSid,S-1-5-21-3742442691-1288352992-3554343984-1001,,1602,1560,27482,80712,19985273102270464,IF_TYPE_IEEE80211,0,268435459,
164,2025-05-30 19:10:00,WpnService,,,LocalSystem,S-1-5-18,,4,1564,19318,13850,19985273102270464,IF_TYPE_IEEE80211,0,268435459,
165,2025-05-30 19:10:00,\device\harddiskvolume3\program files (x86)\microsoft\edge\application\msedge.exe,,,UnknownOrUserSid,S-1-5-21-3742442691-1288352992-3554343984-1001,,1602,1610,13394237,1273021,19985273102270464,IF_TYPE_IEEE80211,0,268435459,
166,2025-05-30 19:10:00,\device\harddiskvolume3\program files (x86)\bravesoftware\update\braveupdate.exe,,,UnknownOrUserSid,S-1-5-21-3742442691-1288352992-3554343984-1001,,1602,1831,1349,1888,19985273102270464,IF_TYPE_IEEE80211,0,268435459,
167,2025-05-30 19:10:00,\device\harddiskvolume3\users\ernes\appdata\local\microsoft\onedrive\onedrive.exe,,,UnknownOrUserSid,S-1-5-21-3742442691-1288352992-3554343984-1001,,1602,1622,73414,43439,19985273102270464,IF_TYPE_IEEE80211,0,268435459,
168,2025-05-30 19:10:00,netprofm,,,NetworkService,S-1-5-20,,24,1436,11645,8282,19985273102270464,IF_TYPE_IEEE80211,0,268435459,
169,2025-05-30 19:10:00,Dnscache,,,NetworkService,S-1-5-20,,24,855,33841,8843,19985273102270464,IF_TYPE_IEEE80211,0,268435459,
170,2025-05-30 19:10:00,System,,,LocalSystem,S-1-5-18,,4,161,78,2523,19985273102270464,IF_TYPE_IEEE80211,0,268435459,
171,2025-05-30 19:10:00,System\IPv6 Control Message,,,LocalSystem,S-1-5-18,,4,856,592,13936,19985273102270464,IF_TYPE_IEEE80211,0,268435459,
172,2025-05-30 19:10:00,Dhcp,,,LocalService,S-1-5-19,,6,854,0,4116,19985273102270464,IF_TYPE_IEEE80211,0,268435459,
173,2025-05-30 19:10:00,,,,UnknownOrUserSid,,,2,1,177612144,2732051,19985273102270464,IF_TYPE_IEEE80211,0,268435459,
174,2025-05-30 19:10:00,MicrosoftWindows.Client.WebExperience_525.10401.30.0_x64__cw5n1h2txyewy,,,UnknownOrUserSid,S-1-5-21-3742442691-1288352992-3554343984-1001,,1602,1826,734000,60981,19985273102270464,IF_TYPE_IEEE80211,0,268435459,
175,2025-05-30 19:10:00,lfsvc,,,LocalSystem,S-1-5-18,,4,1607,26290,5363,19985273102270464,IF_TYPE_IEEE80211,0,268435459,
176,2025-05-30 19:10:00,microsoft.windowscommunicationsapps_16005.14326.22342.0_x64__8wekyb3d8bbwe,,,UnknownOrUserSid,S-1-5-21-3742442691-1288352992-3554343984-1001,,1602,1836,51008,19166,19985273102270464,IF_TYPE_IEEE80211,0,268435459,
177,2025-05-30 19:10:00,\device\harddiskvolume3\windows\system32\smartscreen.exe,,,UnknownOrUserSid,S-1-5-21-3742442691-1288352992-3554343984-1001,,1602,1601,22280,37459,19985273102270464,IF_TYPE_IEEE80211,0,268435459,
178,2025-05-30 19:10:00,Microsoft.DesktopAppInstaller_1.25.390.0_x64__8wekyb3d8bbwe,,,UnknownOrUserSid,S-1-5-21-3742442691-1288352992-3554343984-1001,,1602,1623,7070,1925,19985273102270464,IF_TYPE_IEEE80211,0,268435459,
179,2025-05-30 19:10:00,CDPUserSvc_1b72fb,,,UnknownOrUserSid,S-1-5-21-3742442691-1288352992-3554343984-1001,,1602,1606,29844,20793,19985273102270464,IF_TYPE_IEEE80211,0,268435459,
