Id,Timestamp,ExeInfo,ExeInfoDescription,ExeTimestamp,SidType,Sid,UserName,UserId,AppId,BackgroundBytesRead,BackgroundBytesWritten,BackgroundContextSwitches,BackgroundCycleTime,BackgroundNumberOfFlushes,BackgroundNumReadOperations,BackgroundNumWriteOperations,FaceTime,ForegroundBytesRead,ForegroundBytesWritten,ForegroundContextSwitches,ForegroundCycleTime,ForegroundNumberOfFlushes,ForegroundNumReadOperations,ForegroundNumWriteOperations
612,2025-05-29 21:16:00,System,,,LocalSystem,S-1-5-18,,4,161,0,0,0,0,0,0,0,2488900000,105117184,400330240,550643,59863913644,10,221,8440
613,2025-05-29 21:16:00,\Device\HarddiskVolume3\Windows\System32\smss.exe,,,LocalSystem,S-1-5-18,,4,163,0,0,0,0,0,0,0,688900000,0,0,5,983595,0,0,0
614,2025-05-29 21:16:00,\Device\HarddiskVolume3\Windows\System32\csrss.exe,,,LocalSystem,S-1-5-18,,4,164,0,0,0,0,0,0,0,4977800000,93184,53248,32239,3499995083,0,14,13
615,2025-05-29 21:16:00,\Device\HarddiskVolume3\Windows\System32\wininit.exe,,,LocalSystem,S-1-5-18,,4,165,0,0,0,0,0,0,0,1288900000,0,0,55,4427090,0,0,0
616,2025-05-29 21:16:00,\Device\HarddiskVolume3\Windows\System32\winlogon.exe,,,LocalSystem,S-1-5-18,,4,166,0,0,0,0,0,0,0,2488900000,0,8192,81669,13101236697,0,0,2
617,2025-05-29 21:16:00,\Device\HarddiskVolume3\Windows\System32\services.exe,,,LocalSystem,S-1-5-18,,4,167,0,0,0,0,0,0,0,2488900000,7447552,3616768,14595,1933445535,119,590,531
618,2025-05-29 21:16:00,\Device\HarddiskVolume3\Windows\System32\LsaIso.exe,,,LocalSystem,S-1-5-18,,4,859,0,0,0,0,0,0,0,1288900000,0,0,12,18366233,0,0,0
619,2025-05-29 21:16:00,\Device\HarddiskVolume3\Windows\System32\lsass.exe,,,LocalSystem,S-1-5-18,,4,168,0,0,0,0,0,0,0,2488900000,931840,532480,4807,605052644,26,45,86
620,2025-05-29 21:16:00,\Device\HarddiskVolume3\Windows\System32\svchost.exe [DcomLaunch],,,LocalSystem,S-1-5-18,,4,169,0,0,0,0,0,0,0,6866700000,123392,61952,60276,2026305327,0,8,16
621,2025-05-29 21:16:00,\Device\HarddiskVolume3\Windows\System32\fontdrvhost.exe,,,LocalSystem,S-1-5-18,,4,248,0,0,0,0,0,0,0,2488900000,0,0,8823,2729913647,0,0,0
622,2025-05-29 21:16:00,\Device\HarddiskVolume3\Windows\System32\svchost.exe [netsvcs],,,LocalSystem,S-1-5-18,,4,170,0,0,0,0,0,0,0,27889000000,30005248,10560512,61269,34684440482,48,1422,1083
623,2025-05-29 21:16:00,\Device\HarddiskVolume3\Windows\System32\svchost.exe [LocalSystemNetworkRestricted],,,LocalSystem,S-1-5-18,,4,171,0,0,0,0,0,0,0,24466800000,137530880,3477504,25797,7119238685,276,4854,834
624,2025-05-29 21:16:00,\Device\HarddiskVolume3\Windows\System32\svchost.exe [wsappx],,,LocalSystem,S-1-5-18,,4,173,0,0,0,0,0,0,0,4977800000,10457529856,572829696,1087255,370260013644,4898,164357,132122
625,2025-05-29 21:16:00,\Device\HarddiskVolume3\Windows\System32\svchost.exe [UserProfileService],,,LocalSystem,S-1-5-18,,4,1146,0,0,0,0,0,0,0,1888900000,0,0,28,1974684,0,0,0
626,2025-05-29 21:16:00,\Device\HarddiskVolume3\Windows\System32\oobe\windeploy.exe,,,LocalSystem,S-1-5-18,,4,1147,0,0,0,0,0,0,0,1288900000,0,8192,20,7315071,0,0,2
627,2025-05-29 21:16:00,\Device\HarddiskVolume3\$Windows.~BT\Sources\setupplatform.exe,,,LocalSystem,S-1-5-18,,4,1148,0,0,0,0,0,0,0,3088900000,5113006080,9280137216,34143,194078170586,30,22495,233574
628,2025-05-29 21:16:00,\Device\HarddiskVolume3\Windows\System32\oobe\Setup.exe,,,LocalSystem,S-1-5-18,,4,1149,0,0,0,0,0,0,0,1288900000,5521408,561152,2313,1138385159,3,1256,136
629,2025-05-29 21:16:00,\Device\HarddiskVolume3\Windows\servicing\TrustedInstaller.exe,,,LocalSystem,S-1-5-18,,4,177,0,0,0,0,0,0,0,2488900000,167936,16384,318,28348625,0,7,4
630,2025-05-29 21:16:00,\Device\HarddiskVolume3\Windows\System32\spoolsv.exe,,,LocalSystem,S-1-5-18,,4,179,0,0,0,0,0,0,0,2488900000,51592704,55959552,1535,9005218653,0,1026,7319
631,2025-05-29 21:16:00,\Device\HarddiskVolume3\Windows\System32\svchost.exe [utcsvc],,,LocalSystem,S-1-5-18,,4,180,0,0,0,0,0,0,0,2488900000,2428928,135168,3431,1716867491,4,82,33
632,2025-05-29 21:16:00,\Device\HarddiskVolume3\Windows\System32\DriverStore\FileRepository\intcoed.inf_amd64_d7062aaa5ea58bcd\AS\IAS\IntelAudioService.exe,,,LocalSystem,S-1-5-18,,4,1150,0,0,0,0,0,0,0,2488900000,48613376,65536,9870,9173103412,0,2024,16
633,2025-05-29 21:16:00,\Device\HarddiskVolume3\Windows\System32\DriverStore\FileRepository\iastorvd.inf_amd64_15c9ea6001a5206d\RstMwService.exe,,,LocalSystem,S-1-5-18,,4,1151,0,0,0,0,0,0,0,1288900000,0,0,53,3408580,0,0,0
634,2025-05-29 21:16:00,\Device\HarddiskVolume3\Windows\System32\svchost.exe [appmodel],,,LocalSystem,S-1-5-18,,4,172,0,0,0,0,0,0,0,2488900000,372736,3481600,13214,6729198025,198,16,846
635,2025-05-29 21:16:00,\Device\HarddiskVolume3\Windows\System32\DriverStore\FileRepository\dptf_cpu.inf_amd64_897ea327b3fe52f7\esif_uf.exe,,,LocalSystem,S-1-5-18,,4,1152,0,0,0,0,0,0,0,2488900000,4096,8192,204,15399173,0,1,2
636,2025-05-29 21:16:00,\Device\HarddiskVolume3\Program Files (x86)\Microsoft\EdgeUpdate\MicrosoftEdgeUpdate.exe,,,LocalSystem,S-1-5-18,,4,874,0,0,0,0,0,0,0,4977800000,10063872,610304,2042,880263391,0,500,146
637,2025-05-29 21:16:00,\Device\HarddiskVolume3\Windows\System32\drvinst.exe,,,LocalSystem,S-1-5-18,,4,406,0,0,0,0,0,0,0,711200000,6216704,221184,799,431332872,1,124,54
638,2025-05-29 21:16:00,\Device\HarddiskVolume3\Windows\System32\AggregatorHost.exe,,,LocalSystem,S-1-5-18,,4,1153,0,0,0,0,0,0,0,2488900000,4744192,151552,496,175326316,0,268,37
639,2025-05-29 21:16:00,\Device\HarddiskVolume3\Windows\System32\wbem\WmiPrvSE.exe,,,LocalSystem,S-1-5-18,,4,187,0,0,0,0,0,0,0,2400000000,1725440,45056,16089,2025756740,0,73,11
640,2025-05-29 21:16:00,\Device\HarddiskVolume3\Windows\System32\svchost.exe [osprivacy],,,LocalSystem,S-1-5-18,,4,1154,0,0,0,0,0,0,0,1888900000,1887232,126976,3489,608153354,5,124,31
641,2025-05-29 21:16:00,System Interrupts,,,LocalSystem,S-1-5-18,,4,193,0,0,0,0,0,0,0,2488900000,0,0,0,18893725552,0,0,0
642,2025-05-29 21:16:00,Registry,,,LocalSystem,S-1-5-18,,4,162,0,0,0,0,0,0,0,2400000000,0,74145792,2399,420832735,34,0,2513
643,2025-05-29 21:16:00,\Device\HarddiskVolume3\Windows\System32\wlanext.exe,,,LocalSystem,S-1-5-18,,4,174,0,0,0,0,0,0,0,2400000000,1131008,4096,731,79394540,0,51,1
644,2025-05-29 21:16:00,\Device\HarddiskVolume3\Windows\System32\conhost.exe,,,LocalSystem,S-1-5-18,,4,175,0,0,0,0,0,0,0,1800000000,4096,0,97,77785863,0,1,0
645,2025-05-29 21:16:00,\Device\HarddiskVolume3\Windows\System32\DriverStore\FileRepository\hpcustomcapcomp.inf_amd64_1f7d1981016f7e88\x64\SysInfoCap.exe,,,LocalSystem,S-1-5-18,,4,1155,0,0,0,0,0,0,0,2400000000,1787904,36864,483,204421813,0,75,9
646,2025-05-29 21:16:00,\Device\HarddiskVolume3\Windows\System32\DriverStore\FileRepository\hpcustomcapcomp.inf_amd64_1f7d1981016f7e88\x64\SysInfoCap.exe,,,LocalSystem,S-1-5-18,,4,1155,0,0,0,0,0,0,0,1800000000,646656,0,383,201686208,0,28,0
647,2025-05-29 21:16:00,\Device\HarddiskVolume3\Windows\System32\DriverStore\FileRepository\hpcustomcapcomp.inf_amd64_1f7d1981016f7e88\x64\SysInfoCap.exe,,,LocalSystem,S-1-5-18,,4,1155,0,0,0,0,0,0,0,2400000000,1147904,4096,446,198266395,0,33,1
648,2025-05-29 21:16:00,\Device\HarddiskVolume3\Windows\System32\DriverStore\FileRepository\hpcustomcapcomp.inf_amd64_1f7d1981016f7e88\x64\SysInfoCap.exe,,,LocalSystem,S-1-5-18,,4,1155,0,0,0,0,0,0,0,2400000000,595456,0,404,206564888,0,27,0
649,2025-05-29 21:16:00,\Device\HarddiskVolume3\Windows\System32\DriverStore\FileRepository\hpanalyticscomp.inf_amd64_67bcefabacf2a385\x64\TouchpointAnalyticsClientService.exe,,,LocalSystem,S-1-5-18,,4,1156,0,0,0,0,0,0,0,2400000000,7167488,413696,1032,4426517628,0,455,78
650,2025-05-29 21:16:00,\Device\HarddiskVolume3\Windows\System32\DriverStore\FileRepository\cui_dch.inf_amd64_4f43a1c1898e6696\igfxCUIServiceN.exe,,,LocalSystem,S-1-5-18,,4,1157,0,0,0,0,0,0,0,1800000000,340992,40960,259,95827102,0,23,10
651,2025-05-29 21:16:00,\Device\HarddiskVolume3\Windows\System32\DriverStore\FileRepository\igcc_dch.inf_amd64_4b6e72c945d3dca7\OneApp.IGCC.WinService.exe,,,LocalSystem,S-1-5-18,,4,1158,0,0,0,0,0,0,0,2400000000,8998912,1273856,1781,5045038596,1,616,35
652,2025-05-29 21:16:00,\Device\HarddiskVolume3\Windows\System32\DriverStore\FileRepository\mewmiprov.inf_amd64_0ce29d36fc8607e6\WMIRegistrationService.exe,,,LocalSystem,S-1-5-18,,4,1159,0,0,0,0,0,0,0,2400000000,6971904,389120,634,315518375,0,342,65
653,2025-05-29 21:16:00,\Device\HarddiskVolume3\Windows\System32\DriverStore\FileRepository\dal.inf_amd64_af50fdb80983f7bc\jhi_service.exe,,,LocalSystem,S-1-5-18,,4,1160,0,0,0,0,0,0,0,1800000000,460800,0,108,46542225,0,18,0
654,2025-05-29 21:16:00,\Device\HarddiskVolume3\Windows\System32\ibtsiva.exe,,,LocalSystem,S-1-5-18,,4,1161,0,0,0,0,0,0,0,2400000000,0,0,343,107182453,0,0,0
655,2025-05-29 21:16:00,\Device\HarddiskVolume3\Windows\System32\DriverStore\FileRepository\realtekservice.inf_amd64_a42d9de41f05fa49\RtkAudUService64.exe,,,LocalSystem,S-1-5-18,,4,1162,0,0,0,0,0,0,0,4200000000,5064704,3145728,7453,1707813338,6,248,29
656,2025-05-29 21:16:00,\Device\HarddiskVolume3\Windows\System32\FMService64.exe,,,LocalSystem,S-1-5-18,,4,876,0,0,0,0,0,0,0,1800000000,69632,12288,4200,1299186191,0,2,3
657,2025-05-29 21:16:00,\Device\HarddiskVolume3\Windows\System32\DbxSvc.exe,,,LocalSystem,S-1-5-18,,4,1163,0,0,0,0,0,0,0,2400000000,2048000,8192,328,53165602,0,98,2
658,2025-05-29 21:16:00,\Device\HarddiskVolume3\Windows\System32\svchost.exe [WerSvcGroup],,,LocalSystem,S-1-5-18,,4,1164,0,0,0,0,0,0,0,1200000000,1534976,126976,327,104778959,0,81,31
659,2025-05-29 21:16:00,Memory Compression,,,LocalSystem,S-1-5-18,,4,178,0,0,0,0,0,0,0,600000000,0,0,16,305567,0,0,0
660,2025-05-29 21:16:00,\Device\HarddiskVolume3\$Windows.~BT\Sources\mighost.exe,,,LocalSystem,S-1-5-18,,4,1165,0,0,0,0,0,0,0,1200000000,12288,24576,428,367384306,0,1,6
661,2025-05-29 21:16:00,\Device\HarddiskVolume3\Windows\System32\fontdrvhost.exe,,,UnknownOrUserSid,S-1-5-96-0-0,,16,248,0,0,0,0,0,0,0,1288900000,0,0,182,4570449,0,0,0
662,2025-05-29 21:16:00,\Device\HarddiskVolume3\Windows\System32\svchost.exe [RPCSS],,,NetworkService,S-1-5-20,,24,249,0,0,0,0,0,0,0,2488900000,262144,12288,8488,2244089213,0,13,3
663,2025-05-29 21:16:00,\Device\HarddiskVolume3\Windows\System32\sppsvc.exe,,,NetworkService,S-1-5-20,,24,250,0,0,0,0,0,0,0,1288900000,0,28672,84,322519989,1,0,7
664,2025-05-29 21:16:00,\Device\HarddiskVolume3\Windows\System32\svchost.exe [NetworkService],,,NetworkService,S-1-5-20,,24,251,0,0,0,0,0,0,0,5577800000,270252032,160100352,32607,13517838438,0,4729,17581
665,2025-05-29 21:16:00,\Device\HarddiskVolume3\Windows\System32\wbem\WmiPrvSE.exe,,,NetworkService,S-1-5-20,,24,187,0,0,0,0,0,0,0,688900000,1194496,40960,1461,212422556,0,83,10
666,2025-05-29 21:16:00,\Device\HarddiskVolume3\Windows\System32\WUDFHost.exe,,,LocalService,S-1-5-19,,6,258,0,0,0,0,0,0,0,3777800000,13358080,61440,2053,609763534,2,561,15
667,2025-05-29 21:16:00,\Device\HarddiskVolume3\Windows\System32\svchost.exe [LocalServiceNoNetwork],,,LocalService,S-1-5-19,,6,254,0,0,0,0,0,0,0,4977800000,426496,368640,3062,1431580693,0,31,71
668,2025-05-29 21:16:00,\Device\HarddiskVolume3\Windows\System32\svchost.exe [LocalService],,,LocalService,S-1-5-19,,6,255,0,0,0,0,0,0,0,16555600000,7224320,73728,3132,479304591,0,379,18
669,2025-05-29 21:16:00,\Device\HarddiskVolume3\Windows\System32\svchost.exe [LocalServiceNetworkRestricted],,,LocalService,S-1-5-19,,6,256,0,0,0,0,0,0,0,20511200000,4924928,7454720,28361,8768061756,35,325,366
670,2025-05-29 21:16:00,\Device\HarddiskVolume3\Windows\System32\svchost.exe [LocalServiceNoNetworkFirewall],,,LocalService,S-1-5-19,,6,259,0,0,0,0,0,0,0,2488900000,762368,3965440,3708,2207312985,2,59,52
671,2025-05-29 21:16:00,\Device\HarddiskVolume3\Windows\System32\dwm.exe,,,UnknownOrUserSid,S-1-5-90-0-1,,10,253,0,0,0,0,0,0,0,2488900000,29931008,49152,25072,12318101454,0,1216,12
674,2025-05-30 18:20:00,System,,,LocalSystem,S-1-5-18,,4,161,0,0,0,0,0,0,0,793473130000,1029632,95360512,676667,72363308259,251,114,2923
675,2025-05-30 18:20:00,\Device\HarddiskVolume3\Windows\System32\csrss.exe,,,LocalSystem,S-1-5-18,,4,164,0,0,0,0,0,0,0,1586946260000,670720,49152,24690,3590454963,0,22,12
676,2025-05-30 18:20:00,\Device\HarddiskVolume3\Windows\System32\wininit.exe,,,LocalSystem,S-1-5-18,,4,165,0,0,0,0,0,0,0,792872980000,0,0,105,11706458,0,0,0
677,2025-05-30 18:20:00,\Device\HarddiskVolume3\Windows\System32\winlogon.exe,,,LocalSystem,S-1-5-18,,4,166,0,0,0,0,0,0,0,792873280000,395264,36864,13530,1984837432,0,21,9
678,2025-05-30 18:20:00,\Device\HarddiskVolume3\Windows\System32\services.exe,,,LocalSystem,S-1-5-18,,4,167,0,0,0,0,0,0,0,793473130000,9268224,6823936,33818,5606307128,0,946,1090
679,2025-05-30 18:20:00,\Device\HarddiskVolume3\Windows\System32\lsass.exe,,,LocalSystem,S-1-5-18,,4,168,0,0,0,0,0,0,0,793473130000,1892864,1580032,28449,10425394560,38,69,319
680,2025-05-30 18:20:00,\Device\HarddiskVolume3\Windows\System32\svchost.exe [DcomLaunch],,,LocalSystem,S-1-5-18,,4,169,0,0,0,0,0,0,0,2379819240000,4667904,432640,19751,5275868145,4,222,97
681,2025-05-30 18:20:00,\Device\HarddiskVolume3\Windows\System32\svchost.exe [netsvcs],,,LocalSystem,S-1-5-18,,4,170,0,0,0,0,0,0,0,17447076210000,94472704,67977216,89383,77903388053,580,3481,5211
682,2025-05-30 18:20:00,\Device\HarddiskVolume3\Windows\System32\svchost.exe [LocalSystemNetworkRestricted],,,LocalSystem,S-1-5-18,,4,171,0,0,0,0,0,0,0,11894676810000,100748288,7090176,25384,12294012886,4,5578,853
683,2025-05-30 18:20:00,\Device\HarddiskVolume3\Windows\System32\DriverStore\FileRepository\hpqkbsoftwarecompnent.inf_amd64_a22c6a91e05f8cee\LanWlanWwanSwitchingServiceUWP.exe,,,LocalSystem,S-1-5-18,,4,1293,0,0,0,0,0,0,0,793473130000,0,307200,2494,604942837,0,0,70
684,2025-05-30 18:20:00,\Device\HarddiskVolume3\Windows\System32\wlanext.exe,,,LocalSystem,S-1-5-18,,4,174,0,0,0,0,0,0,0,793473130000,0,0,504,45144141,0,0,0
685,2025-05-30 18:20:00,\Device\HarddiskVolume3\Windows\System32\conhost.exe,,,LocalSystem,S-1-5-18,,4,175,0,0,0,0,0,0,0,792872980000,0,0,116,6933271,0,0,0
686,2025-05-30 18:20:00,\Device\HarddiskVolume3\Windows\System32\svchost.exe [UserProfileService],,,LocalSystem,S-1-5-18,,4,1146,0,0,0,0,0,0,0,793473130000,3556352,2328576,2398,507741618,15,190,273
687,2025-05-30 18:20:00,\Device\HarddiskVolume3\Windows\System32\DriverStore\FileRepository\hpqkbsoftwarecompnent.inf_amd64_a22c6a91e05f8cee\LanWlanWwanSwitchingServiceUWP.exe,,,LocalSystem,S-1-5-18,,4,1293,0,0,0,0,0,0,0,793473130000,20480,94208,1321,492933975,0,1,22
688,2025-05-30 18:20:00,\Device\HarddiskVolume3\Windows\System32\DriverStore\FileRepository\hpqkbsoftwarecompnent.inf_amd64_a22c6a91e05f8cee\LanWlanWwanSwitchingServiceUWP.exe,,,LocalSystem,S-1-5-18,,4,1293,0,0,0,0,0,0,0,793473130000,0,53248,514,126741183,0,0,13
689,2025-05-30 18:20:00,\Device\HarddiskVolume3\Windows\System32\wbem\WmiPrvSE.exe,,,LocalSystem,S-1-5-18,,4,187,0,0,0,0,0,0,0,793473130000,172032,8192,627,167324959,0,14,2
690,2025-05-30 18:20:00,\Device\HarddiskVolume3\Windows\System32\oobe\windeploy.exe,,,LocalSystem,S-1-5-18,,4,1147,0,0,0,0,0,0,0,273280000,0,0,5,321504,0,0,0
691,2025-05-30 18:20:00,\Device\HarddiskVolume3\$Windows.~BT\Sources\setupplatform.exe,,,LocalSystem,S-1-5-18,,4,1148,0,0,0,0,0,0,0,546560000,524411904,180257792,21157,33104541578,72,16882,7157
692,2025-05-30 18:20:00,\Device\HarddiskVolume3\Program Files (x86)\HP\Shared\hpqwmiex.exe,,,LocalSystem,S-1-5-18,,4,861,0,0,0,0,0,0,0,793473130000,0,0,354,53083603,0,0,0
693,2025-05-30 18:20:00,\Device\HarddiskVolume3\Windows\System32\svchost.exe [wsappx],,,LocalSystem,S-1-5-18,,4,173,0,0,0,0,0,0,0,1586946260000,66717696,19423232,17919,46229126690,213,4132,2888
694,2025-05-30 18:20:00,\Device\HarddiskVolume3\Windows\System32\svchost.exe [CameraMonitor],,,LocalSystem,S-1-5-18,,4,1180,0,0,0,0,0,0,0,273280000,4543488,0,282,67183329,0,210,0
695,2025-05-30 18:20:00,\Device\HarddiskVolume3\Windows\System32\svchost.exe [osprivacy],,,LocalSystem,S-1-5-18,,4,1154,0,0,0,0,0,0,0,793473130000,405504,16384,7913,4182810220,0,13,4
696,2025-05-30 18:20:00,\Device\HarddiskVolume3\Windows\servicing\TrustedInstaller.exe,,,LocalSystem,S-1-5-18,,4,177,0,0,0,0,0,0,0,791672980000,151552,40960,14110,1531143365,0,6,10
697,2025-05-30 18:20:00,\Device\HarddiskVolume3\Windows\System32\DriverStore\FileRepository\cui_dch.inf_amd64_4f43a1c1898e6696\igfxCUIServiceN.exe,,,LocalSystem,S-1-5-18,,4,1157,0,0,0,0,0,0,0,793473130000,87040,0,404,66032732,0,7,0
698,2025-05-30 18:20:00,\Device\HarddiskVolume3\Windows\System32\DriverStore\FileRepository\hpcustomcapcomp.inf_amd64_1f7d1981016f7e88\x64\SysInfoCap.exe,,,LocalSystem,S-1-5-18,,4,1155,0,0,0,0,0,0,0,793473130000,0,32768,617,140490641,0,0,8
699,2025-05-30 18:20:00,\Device\HarddiskVolume3\Windows\System32\DriverStore\FileRepository\hpcustomcapcomp.inf_amd64_1f7d1981016f7e88\x64\SysInfoCap.exe,,,LocalSystem,S-1-5-18,,4,1155,0,0,0,0,0,0,0,793473130000,0,24576,698,133420328,0,0,6
700,2025-05-30 18:20:00,\Device\HarddiskVolume3\Windows\System32\DriverStore\FileRepository\hpcustomcapcomp.inf_amd64_1f7d1981016f7e88\x64\SysInfoCap.exe,,,LocalSystem,S-1-5-18,,4,1155,0,0,0,0,0,0,0,793473130000,0,28672,709,147265826,0,0,7
701,2025-05-30 18:20:00,\Device\HarddiskVolume3\Windows\System32\DriverStore\FileRepository\hpanalyticscomp.inf_amd64_67bcefabacf2a385\x64\TouchpointAnalyticsClientService.exe,,,LocalSystem,S-1-5-18,,4,1156,0,0,0,0,0,0,0,793473130000,17613312,806912,4078,8653575589,0,1036,197
702,2025-05-30 18:20:00,\Device\HarddiskVolume3\Windows\System32\DriverStore\FileRepository\hpcustomcapcomp.inf_amd64_1f7d1981016f7e88\x64\SysInfoCap.exe,,,LocalSystem,S-1-5-18,,4,1155,0,0,0,0,0,0,0,793473130000,0,36864,721,131303429,0,0,9
703,2025-05-30 18:20:00,\Device\HarddiskVolume3\Windows\System32\svchost.exe [appmodel],,,LocalSystem,S-1-5-18,,4,172,0,0,0,0,0,0,0,793473130000,1179648,679936,19414,5752093793,32,132,166
704,2025-05-30 18:20:00,\Device\HarddiskVolume3\Windows\System32\spoolsv.exe,,,LocalSystem,S-1-5-18,,4,179,0,0,0,0,0,0,0,793473130000,31564288,24359936,4346,6404240763,0,761,3533
705,2025-05-30 18:20:00,\Device\HarddiskVolume3\Windows\System32\DriverStore\FileRepository\igcc_dch.inf_amd64_4b6e72c945d3dca7\OneApp.IGCC.WinService.exe,,,LocalSystem,S-1-5-18,,4,1158,0,0,0,0,0,0,0,793473130000,6915072,16384,1872,3893657667,0,477,4
706,2025-05-30 18:20:00,\Device\HarddiskVolume3\Windows\System32\DbxSvc.exe,,,LocalSystem,S-1-5-18,,4,1163,0,0,0,0,0,0,0,793473130000,0,0,235,22240686,0,0,0
707,2025-05-30 18:20:00,\Device\HarddiskVolume3\Windows\System32\ibtsiva.exe,,,LocalSystem,S-1-5-18,,4,1161,0,0,0,0,0,0,0,792872980000,0,0,365,88412318,0,0,0
708,2025-05-30 18:20:00,\Device\HarddiskVolume3\Windows\System32\svchost.exe [NetSvcs],,,LocalSystem,S-1-5-18,,4,182,0,0,0,0,0,0,0,793473130000,163840,0,4566,698631248,0,7,0
709,2025-05-30 18:20:00,\Device\HarddiskVolume3\Windows\System32\svchost.exe [utcsvc],,,LocalSystem,S-1-5-18,,4,180,0,0,0,0,0,0,0,793473130000,4096,62464,1235,1546065433,6,1,17
710,2025-05-30 18:20:00,\Device\HarddiskVolume3\Windows\System32\DriverStore\FileRepository\mewmiprov.inf_amd64_0ce29d36fc8607e6\WMIRegistrationService.exe,,,LocalSystem,S-1-5-18,,4,1159,0,0,0,0,0,0,0,792872980000,77824,0,265,21981539,0,3,0
711,2025-05-30 18:20:00,\Device\HarddiskVolume3\Windows\System32\DriverStore\FileRepository\iclsclient.inf_amd64_bc9b92a50d527061\lib\TPMProvisioningService.exe,,,LocalSystem,S-1-5-18,,4,1290,0,0,0,0,0,0,0,793473130000,49152,0,195,39932250,0,3,0
712,2025-05-30 18:20:00,\Device\HarddiskVolume3\Windows\System32\DriverStore\FileRepository\intcoed.inf_amd64_d7062aaa5ea58bcd\AS\IAS\IntelAudioService.exe,,,LocalSystem,S-1-5-18,,4,1150,0,0,0,0,0,0,0,793473130000,46861312,0,3224,4712145855,0,1999,0
713,2025-05-30 18:20:00,\Device\HarddiskVolume3\Windows\System32\DriverStore\FileRepository\dal.inf_amd64_af50fdb80983f7bc\jhi_service.exe,,,LocalSystem,S-1-5-18,,4,1160,0,0,0,0,0,0,0,792273130000,0,0,104,5667731,0,0,0
714,2025-05-30 18:20:00,\Device\HarddiskVolume3\Windows\System32\FMService64.exe,,,LocalSystem,S-1-5-18,,4,876,0,0,0,0,0,0,0,792872980000,0,0,365,644491188,0,0,0
715,2025-05-30 18:20:00,\Device\HarddiskVolume3\Windows\System32\DriverStore\FileRepository\seapo64.inf_amd64_deaeb20891c6fa3a\SECOMN64.exe,,,LocalSystem,S-1-5-18,,4,1175,0,0,0,0,0,0,0,792872980000,148992,0,1222,308612973,0,7,0
716,2025-05-30 18:20:00,\Device\HarddiskVolume3\Windows\System32\DriverStore\FileRepository\iastorvd.inf_amd64_15c9ea6001a5206d\RstMwService.exe,,,LocalSystem,S-1-5-18,,4,1151,0,0,0,0,0,0,0,792273130000,0,0,119,9346089,0,0,0
717,2025-05-30 18:20:00,\Device\HarddiskVolume3\Windows\System32\DriverStore\FileRepository\iigd_dch.inf_amd64_4ac98e1cc198f175\IntelCpHDCPSvc.exe,,,LocalSystem,S-1-5-18,,4,1294,0,0,0,0,0,0,0,792872980000,0,0,132,7450218,0,0,0
718,2025-05-30 18:20:00,\Device\HarddiskVolume3\Windows\System32\DriverStore\FileRepository\realtekservice.inf_amd64_a42d9de41f05fa49\RtkAudUService64.exe,,,LocalSystem,S-1-5-18,,4,1162,0,0,0,0,0,0,0,1586946260000,196608,69632,3589,852130549,1,10,1
719,2025-05-30 18:20:00,\Device\HarddiskVolume3\Program Files\HPCommRecovery\HPCommRecovery.exe,,,LocalSystem,S-1-5-18,,4,879,0,0,0,0,0,0,0,793473130000,131072,0,1802,816358950,0,4,0
720,2025-05-30 18:20:00,\Device\HarddiskVolume3\Windows\System32\DriverStore\FileRepository\dptf_cpu.inf_amd64_897ea327b3fe52f7\esif_uf.exe,,,LocalSystem,S-1-5-18,,4,1152,0,0,0,0,0,0,0,793473130000,0,0,413,76034859,0,0,0
721,2025-05-30 18:20:00,\Device\HarddiskVolume3\Program Files\Common Files\microsoft shared\ClickToRun\OfficeClickToRun.exe,,,LocalSystem,S-1-5-18,,4,881,0,0,0,0,0,0,0,793473130000,792576,331776,4938,1275305965,7,46,59
722,2025-05-30 18:20:00,\Device\HarddiskVolume3\Windows\System32\AggregatorHost.exe,,,LocalSystem,S-1-5-18,,4,1153,0,0,0,0,0,0,0,792873130000,1536,36864,205,94915675,0,3,9
723,2025-05-30 18:20:00,\Device\HarddiskVolume3\Windows\WinSxS\amd64_microsoft-windows-servicingstack_31bf3856ad364e35_10.0.22621.5334_none_e9529ad842d6dabb\TiWorker.exe,,,LocalSystem,S-1-5-18,,4,1291,0,0,0,0,0,0,0,791672980000,36962816,24363008,26949,31903439247,16,756,3276
724,2025-05-30 18:20:00,\Device\HarddiskVolume3\Windows\System32\svchost.exe [WerSvcGroup],,,LocalSystem,S-1-5-18,,4,1164,0,0,0,0,0,0,0,1473280000,1584128,98304,366,106152137,0,87,24
725,2025-05-30 18:20:00,\Device\HarddiskVolume3\Program Files\Windows Defender\MsMpEng.exe,,,LocalSystem,S-1-5-18,,4,181,0,0,0,0,0,0,0,793473130000,8318464,942080,2281,567970862,4,381,77
726,2025-05-30 18:20:00,\Device\HarddiskVolume3\Windows\System32\SearchIndexer.exe,,,LocalSystem,S-1-5-18,,4,183,0,0,0,0,0,0,0,793473130000,7862784,47495680,33723,5980446152,836,374,8409
727,2025-05-30 18:20:00,\Device\HarddiskVolume3\Windows\System32\taskhostw.exe,,,LocalSystem,S-1-5-18,,4,189,0,0,0,0,0,0,0,793473130000,74540544,397312,4681,2465229099,6,560,79
728,2025-05-30 18:20:00,System Interrupts,,,LocalSystem,S-1-5-18,,4,193,0,0,0,0,0,0,0,793473130000,0,0,0,53020476933,0,0,0
729,2025-05-30 18:20:00,Registry,,,LocalSystem,S-1-5-18,,4,162,0,0,0,0,0,0,0,793199850000,0,33734656,2555,325489680,62,0,2285
730,2025-05-30 18:20:00,\Device\HarddiskVolume3\Windows\System32\smss.exe,,,LocalSystem,S-1-5-18,,4,163,0,0,0,0,0,0,0,1200000000,0,0,6,849666,0,0,0
731,2025-05-30 18:20:00,\Device\HarddiskVolume3\Windows\System32\LsaIso.exe,,,LocalSystem,S-1-5-18,,4,859,0,0,0,0,0,0,0,791999850000,0,0,54,87177184,0,0,0
732,2025-05-30 18:20:00,Memory Compression,,,LocalSystem,S-1-5-18,,4,178,0,0,0,0,0,0,0,791999850000,0,0,88,3544922,0,0,0
733,2025-05-30 18:20:00,\Device\HarddiskVolume3\Windows\System32\svchost.exe [AppReadiness],,,LocalSystem,S-1-5-18,,4,176,0,0,0,0,0,0,0,793199850000,3523072,0,2261,1089273858,0,455,0
734,2025-05-30 18:20:00,\Device\HarddiskVolume3\Windows\System32\VSSVC.exe,,,LocalSystem,S-1-5-18,,4,191,0,0,0,0,0,0,0,1799850000,1001984,24576,522,72682578,0,41,6
735,2025-05-30 18:20:00,\Device\HarddiskVolume3\Windows\System32\svchost.exe [swprv],,,LocalSystem,S-1-5-18,,4,192,0,0,0,0,0,0,0,3000000000,421888,0,238,58966934,0,23,0
736,2025-05-30 18:20:00,\Device\HarddiskVolume3\Windows\System32\LogonUI.exe,,,LocalSystem,S-1-5-18,,4,542,0,0,0,0,0,0,0,3000000000,15223808,45056,5335,1216522372,0,755,11
737,2025-05-30 18:20:00,\Device\HarddiskVolume3\Windows\System32\ctfmon.exe,,,LocalSystem,S-1-5-18,,4,204,0,0,0,0,0,0,0,793199850000,5400064,811008,1991,457072711,0,270,198
738,2025-05-30 18:20:00,\Device\HarddiskVolume3\Windows\System32\svchost.exe [wusvcs],,,LocalSystem,S-1-5-18,,4,405,0,0,0,0,0,0,0,791999850000,6089728,1007616,10495,5692705342,17,291,229
739,2025-05-30 18:20:00,\Device\HarddiskVolume3\Program Files (x86)\Microsoft\EdgeUpdate\MicrosoftEdgeUpdate.exe,,,LocalSystem,S-1-5-18,,4,874,0,0,0,0,0,0,0,1585199550000,5027328,528384,5361,2183665371,0,245,128
740,2025-05-30 18:20:00,\Device\HarddiskVolume3\Windows\System32\CloudExperienceHostBroker.exe,,,LocalSystem,S-1-5-18,,4,1304,0,0,0,0,0,0,0,793199850000,5654528,1318912,1184,1149247848,55,233,137
741,2025-05-30 18:20:00,\Device\HarddiskVolume3\Windows\System32\svchost.exe [WbioSvcGroup],,,LocalSystem,S-1-5-18,,4,188,0,0,0,0,0,0,0,791999700000,3251712,118784,706,448723487,2,154,29
742,2025-05-30 18:20:00,\Device\HarddiskVolume3\Windows\System32\SearchProtocolHost.exe,,,LocalSystem,S-1-5-18,,4,185,0,0,0,0,0,0,0,3000300000,1042944,45056,25472,3088344747,0,59,11
743,2025-05-30 18:20:00,\Device\HarddiskVolume3\Windows\System32\SearchFilterHost.exe,,,LocalSystem,S-1-5-18,,4,186,0,0,0,0,0,0,0,1200000000,163840,0,102,39687325,0,9,0
744,2025-05-30 18:20:00,\Device\HarddiskVolume3\Windows\UUS\Packages\Preview\amd64\MoUsoCoreWorker.exe,,,LocalSystem,S-1-5-18,,4,1318,0,0,0,0,0,0,0,790799850000,6176768,2109440,15219,10343000732,123,281,515
745,2025-05-30 18:20:00,\Device\HarddiskVolume3\Program Files\Common Files\microsoft shared\ClickToRun\OfficeC2RClient.exe,,,LocalSystem,S-1-5-18,,4,1319,0,0,0,0,0,0,0,600000000,8192,69632,1766,395326076,1,2,11
746,2025-05-30 18:20:00,\Device\HarddiskVolume3\Windows\System32\svchost.exe [InvSvcGroup],,,LocalSystem,S-1-5-18,,4,1437,0,0,0,0,0,0,0,790199850000,689152,28672,582,387953983,0,40,7
747,2025-05-30 18:20:00,\Device\HarddiskVolume3\Windows\System32\UsoClient.exe,,,LocalSystem,S-1-5-18,,4,949,0,0,0,0,0,0,0,790199850000,0,40960,374,556766623,0,0,10
748,2025-05-30 18:20:00,\Device\HarddiskVolume3\Windows\System32\Dism\DismHost.exe,,,LocalSystem,S-1-5-18,,4,1317,0,0,0,0,0,0,0,790199850000,0,57344,1264,545090462,0,0,14
749,2025-05-30 18:20:00,\Device\HarddiskVolume3\Windows\System32\WUDFHost.exe,,,LocalService,S-1-5-19,,6,258,0,0,0,0,0,0,0,1585746260000,13172736,57344,2945,2209686367,2,546,14
750,2025-05-30 18:20:00,\Device\HarddiskVolume3\Windows\System32\svchost.exe [LocalServiceNoNetwork],,,LocalService,S-1-5-19,,6,254,0,0,0,0,0,0,0,1586946260000,3478016,15552512,22374,13728452823,0,145,3280
751,2025-05-30 18:20:00,\Device\HarddiskVolume3\Windows\System32\svchost.exe [LocalService],,,LocalService,S-1-5-19,,6,255,0,0,0,0,0,0,0,7932984590000,6892544,626688,26595,10031867279,4,346,61
752,2025-05-30 18:20:00,\Device\HarddiskVolume3\Windows\System32\svchost.exe [LocalServiceNetworkRestricted],,,LocalService,S-1-5-19,,6,256,0,0,0,0,0,0,0,10312531150000,9960960,20934656,25976,7512298995,107,431,1031
753,2025-05-30 18:20:00,\Device\HarddiskVolume3\Windows\System32\wbem\WmiPrvSE.exe,,,LocalService,S-1-5-19,,6,187,0,0,0,0,0,0,0,793473130000,0,20480,3980,667825477,0,0,5
754,2025-05-30 18:20:00,\Device\HarddiskVolume3\Windows\System32\svchost.exe [LocalServiceNoNetworkFirewall],,,LocalService,S-1-5-19,,6,259,0,0,0,0,0,0,0,793473130000,180224,20480,7414,3727213531,0,7,5
755,2025-05-30 18:20:00,\Device\HarddiskVolume3\Windows\System32\svchost.exe [WebThreatDefense],,,LocalService,S-1-5-19,,6,1438,0,0,0,0,0,0,0,793199850000,1137152,32768,5036,1300054376,0,63,8
756,2025-05-30 18:20:00,\Device\HarddiskVolume3\Windows\System32\audiodg.exe,,,LocalService,S-1-5-19,,6,257,0,0,0,0,0,0,0,793199850000,19263488,12288,1711,932689106,0,511,3
757,2025-05-30 18:20:00,\Device\HarddiskVolume3\Windows\System32\svchost.exe [LocalServiceAndNoImpersonation],,,LocalService,S-1-5-19,,6,356,0,0,0,0,0,0,0,792600000000,274432,0,2117,668654628,0,15,0
758,2025-05-30 18:20:00,\Device\HarddiskVolume3\Windows\System32\fontdrvhost.exe,,,UnknownOrUserSid,S-1-5-96-0-0,,16,248,0,0,0,0,0,0,0,792273130000,98304,0,140,8239743,0,3,0
759,2025-05-30 18:20:00,\Device\HarddiskVolume3\Windows\System32\fontdrvhost.exe,,,UnknownOrUserSid,S-1-5-96-0-1,,93,248,0,0,0,0,0,0,0,792273130000,3766272,45056,2750,478820162,0,101,11
760,2025-05-30 18:20:00,\Device\HarddiskVolume3\Windows\System32\svchost.exe [RPCSS],,,NetworkService,S-1-5-20,,24,249,0,0,0,0,0,0,0,793473130000,348160,86016,39364,9239778952,0,19,21
761,2025-05-30 18:20:00,\Device\HarddiskVolume3\Windows\System32\sppsvc.exe,,,NetworkService,S-1-5-20,,24,250,0,0,0,0,0,0,0,793473130000,658944,27041792,2235,15812555029,2,35,164
762,2025-05-30 18:20:00,\Device\HarddiskVolume3\Windows\System32\svchost.exe [NetworkService],,,NetworkService,S-1-5-20,,24,251,0,0,0,0,0,0,0,2383419390000,2543616,462848,9482,6127135554,3,141,109
763,2025-05-30 18:20:00,\Device\HarddiskVolume3\Windows\System32\wbem\WmiPrvSE.exe,,,NetworkService,S-1-5-20,,24,187,0,0,0,0,0,0,0,793746410000,1592832,204800,17706,3643312324,0,82,44
764,2025-05-30 18:20:00,\Device\HarddiskVolume3\Windows\System32\svchost.exe [netprofm],,,NetworkService,S-1-5-20,,24,1439,0,0,0,0,0,0,0,793473130000,299008,8192,28613,6289836141,0,15,2
765,2025-05-30 18:20:00,\Device\HarddiskVolume3\Windows\System32\SppExtComObj.Exe,,,NetworkService,S-1-5-20,,24,252,0,0,0,0,0,0,0,600000000,49664,8192,80,47264658,0,6,2
766,2025-05-30 18:20:00,\Device\HarddiskVolume3\Windows\System32\dwm.exe,,,UnknownOrUserSid,S-1-5-90-0-1,,10,253,0,0,0,0,0,0,0,793473130000,3780608,4096,67071,74747045467,0,162,1
767,2025-05-30 18:20:00,\Device\HarddiskVolume3\Windows\System32\conhost.exe,,,UnknownOrUserSid,S-1-5-21-3742442691-1288352992-3554343984-1000,,1285,175,0,0,0,0,0,0,0,792600000000,0,0,123,30937806,0,0,0
768,2025-05-30 18:20:00,Microsoft.Windows.ContentDeliveryManager_10.0.22621.2506_neutral_neutral_cw5n1h2txyewy,,,UnknownOrUserSid,S-1-5-21-3742442691-1288352992-3554343984-1000,,1285,1287,3554304,188416,3187,3045616462,2,156,46,0,0,0,0,0,0,0,0
769,2025-05-30 18:20:00,Microsoft.Windows.CloudExperienceHost_10.0.22621.2506_neutral_neutral_cw5n1h2txyewy,,,UnknownOrUserSid,S-1-5-21-3742442691-1288352992-3554343984-1000,,1285,1286,8061440,888832,17270,6145735417,2,361,103,11465776468,93142016,3928064,80642,94507381071,1,3446,582
770,2025-05-30 18:20:00,Microsoft.Windows.OOBENetworkConnectionFlow_10.0.21302.1000_neutral__cw5n1h2txyewy,,,UnknownOrUserSid,S-1-5-21-3742442691-1288352992-3554343984-1000,,1285,1284,5274112,106496,18919,2341285834,0,239,26,2957493619,20188672,167936,86483,42392218860,2,830,41
771,2025-05-30 18:20:00,\Device\HarddiskVolume3\Windows\System32\ctfmon.exe,,,UnknownOrUserSid,S-1-5-21-3742442691-1288352992-3554343984-1000,,1285,204,0,0,0,0,0,0,0,793199850000,3781632,1015808,6719,2421213572,1,202,183
772,2025-05-30 18:20:00,\Device\HarddiskVolume3\Windows\System32\sihost.exe,,,UnknownOrUserSid,S-1-5-21-3742442691-1288352992-3554343984-1000,,1285,200,0,0,0,0,0,0,0,793199850000,13929472,53248,9641,3849311625,0,618,13
773,2025-05-30 18:20:00,\Device\HarddiskVolume3\Windows\System32\svchost.exe,,,UnknownOrUserSid,S-1-5-21-3742442691-1288352992-3554343984-1000,,1285,201,0,0,0,0,0,0,0,4758599250000,13645824,9146368,9756,3182771015,14,686,2232
774,2025-05-30 18:20:00,\Device\HarddiskVolume3\Windows\System32\DriverStore\FileRepository\cui_dch.inf_amd64_4f43a1c1898e6696\igfxEMN.exe,,,UnknownOrUserSid,S-1-5-21-3742442691-1288352992-3554343984-1000,,1285,1176,0,0,0,0,0,0,0,793199850000,2544128,57344,2111,1117737443,0,135,8
775,2025-05-30 18:20:00,\Device\HarddiskVolume3\Windows\explorer.exe,,,UnknownOrUserSid,S-1-5-21-3742442691-1288352992-3554343984-1000,,1285,202,0,0,0,0,0,0,0,793199850000,76828672,2465792,32697,8487900092,1,2739,361
776,2025-05-30 18:20:00,\Device\HarddiskVolume3\Windows\System32\DriverStore\FileRepository\seapo64.inf_amd64_deaeb20891c6fa3a\SECOCL64.exe,,,UnknownOrUserSid,S-1-5-21-3742442691-1288352992-3554343984-1000,,1285,1325,0,0,0,0,0,0,0,793199850000,4096,36864,546,141503801,0,1,9
777,2025-05-30 18:20:00,\Device\HarddiskVolume3\Windows\System32\dllhost.exe,,,UnknownOrUserSid,S-1-5-21-3742442691-1288352992-3554343984-1000,,1285,190,0,0,0,0,0,0,0,2376599550000,1875968,10338304,2117,622164432,0,78,357
778,2025-05-30 18:20:00,\Device\HarddiskVolume3\Windows\System32\SearchProtocolHost.exe,,,UnknownOrUserSid,S-1-5-21-3742442691-1288352992-3554343984-1000,,1285,185,0,0,0,0,0,0,0,1800150000,110592,0,120,44702016,0,6,0
779,2025-05-30 18:20:00,Microsoft.AAD.BrokerPlugin_1000.19580.1000.2_neutral_neutral_cw5n1h2txyewy,,,UnknownOrUserSid,S-1-5-21-3742442691-1288352992-3554343984-1000,,1285,1288,2797568,618496,2542,2416064745,5,133,151,0,0,0,0,0,0,0,0
780,2025-05-30 18:20:00,Microsoft.Windows.OOBENetworkCaptivePortal_10.0.21302.1000_neutral__cw5n1h2txyewy,,,UnknownOrUserSid,S-1-5-21-3742442691-1288352992-3554343984-1000,,1285,1289,0,0,452,89033199,0,0,0,144486555,1366528,106496,2691,947218434,0,61,22
781,2025-05-30 18:20:00,\Device\HarddiskVolume3\Windows\System32\smartscreen.exe,,,UnknownOrUserSid,S-1-5-21-3742442691-1288352992-3554343984-1000,,1285,208,0,0,0,0,0,0,0,790799850000,4445696,32768,1344,666772280,0,162,8
782,2025-05-30 18:20:00,Microsoft.LockApp_10.0.22621.4974_neutral__cw5n1h2txyewy,,,UnknownOrUserSid,S-1-5-21-3742442691-1288352992-3554343984-1000,,1285,1428,5748736,49152,11114,1783547455,0,190,12,52270985,4248064,57344,1414,849247218,1,200,14
800,2025-05-30 18:21:00,System,,,LocalSystem,S-1-5-18,,4,161,0,0,0,0,0,0,0,1169680000,6656,628567552,271775,40693073348,11,13,1312
801,2025-05-30 18:21:00,\Device\HarddiskVolume3\Windows\System32\csrss.exe,,,LocalSystem,S-1-5-18,,4,164,0,0,0,0,0,0,0,2339360000,0,16384,3641,268568951,0,0,4
802,2025-05-30 18:21:00,\Device\HarddiskVolume3\Windows\System32\wininit.exe,,,LocalSystem,S-1-5-18,,4,165,0,0,0,0,0,0,0,1169680000,0,0,26,1941822,0,0,0
803,2025-05-30 18:21:00,\Device\HarddiskVolume3\Windows\System32\winlogon.exe,,,LocalSystem,S-1-5-18,,4,166,0,0,0,0,0,0,0,1169680000,0,0,66,3354877,0,0,0
804,2025-05-30 18:21:00,\Device\HarddiskVolume3\Windows\System32\services.exe,,,LocalSystem,S-1-5-18,,4,167,0,0,0,0,0,0,0,1169680000,0,12288,45384,1818291776,0,0,3
805,2025-05-30 18:21:00,\Device\HarddiskVolume3\Windows\System32\lsass.exe,,,LocalSystem,S-1-5-18,,4,168,0,0,0,0,0,0,0,1169680000,8192,94208,14313,3202879785,0,1,19
806,2025-05-30 18:21:00,\Device\HarddiskVolume3\Windows\System32\svchost.exe [DcomLaunch],,,LocalSystem,S-1-5-18,,4,169,0,0,0,0,0,0,0,3509040000,32768,16384,10481,856270403,0,1,4
807,2025-05-30 18:21:00,\Device\HarddiskVolume3\Windows\System32\svchost.exe [netsvcs],,,LocalSystem,S-1-5-18,,4,170,0,0,0,0,0,0,0,27478570000,2186240,164467200,122732,61993022697,22,113,10302
808,2025-05-30 18:21:00,\Device\HarddiskVolume3\Windows\System32\svchost.exe [LocalSystemNetworkRestricted],,,LocalSystem,S-1-5-18,,4,171,0,0,0,0,0,0,0,17545200000,77824,761856,2406,610110521,0,5,109
809,2025-05-30 18:21:00,\Device\HarddiskVolume3\Windows\System32\DriverStore\FileRepository\hpqkbsoftwarecompnent.inf_amd64_a22c6a91e05f8cee\LanWlanWwanSwitchingServiceUWP.exe,,,LocalSystem,S-1-5-18,,4,1293,0,0,0,0,0,0,0,1169680000,0,0,100,6852949,0,0,0
810,2025-05-30 18:21:00,\Device\HarddiskVolume3\Windows\System32\wlanext.exe,,,LocalSystem,S-1-5-18,,4,174,0,0,0,0,0,0,0,1169680000,0,0,33,1727427,0,0,0
811,2025-05-30 18:21:00,\Device\HarddiskVolume3\Windows\System32\conhost.exe,,,LocalSystem,S-1-5-18,,4,175,0,0,0,0,0,0,0,1169680000,0,0,33,1753379,0,0,0
812,2025-05-30 18:21:00,\Device\HarddiskVolume3\Windows\System32\svchost.exe [UserProfileService],,,LocalSystem,S-1-5-18,,4,1146,0,0,0,0,0,0,0,1169680000,0,12288,239,68318466,0,0,3
813,2025-05-30 18:21:00,\Device\HarddiskVolume3\Windows\System32\DriverStore\FileRepository\hpqkbsoftwarecompnent.inf_amd64_a22c6a91e05f8cee\LanWlanWwanSwitchingServiceUWP.exe,,,LocalSystem,S-1-5-18,,4,1293,0,0,0,0,0,0,0,1169680000,0,4096,141,8182371,0,0,1
814,2025-05-30 18:21:00,\Device\HarddiskVolume3\Windows\System32\DriverStore\FileRepository\hpqkbsoftwarecompnent.inf_amd64_a22c6a91e05f8cee\LanWlanWwanSwitchingServiceUWP.exe,,,LocalSystem,S-1-5-18,,4,1293,0,0,0,0,0,0,0,1169680000,0,4096,53,4522055,0,0,1
815,2025-05-30 18:21:00,\Device\HarddiskVolume3\Windows\System32\wbem\WmiPrvSE.exe,,,LocalSystem,S-1-5-18,,4,187,0,0,0,0,0,0,0,1169680000,893952,8192,2003,222312900,0,45,2
816,2025-05-30 18:21:00,\Device\HarddiskVolume3\Program Files (x86)\HP\Shared\hpqwmiex.exe,,,LocalSystem,S-1-5-18,,4,861,0,0,0,0,0,0,0,1169680000,0,0,89,7356400,0,0,0
817,2025-05-30 18:21:00,\Device\HarddiskVolume3\Windows\System32\svchost.exe [wsappx],,,LocalSystem,S-1-5-18,,4,173,0,0,0,0,0,0,0,2339360000,12452352,30060544,27402,59976632330,683,1353,5818
818,2025-05-30 18:21:00,\Device\HarddiskVolume3\Windows\System32\svchost.exe [osprivacy],,,LocalSystem,S-1-5-18,,4,1154,0,0,0,0,0,0,0,1169680000,0,0,1481,438430726,0,0,0
819,2025-05-30 18:21:00,\Device\HarddiskVolume3\Windows\servicing\TrustedInstaller.exe,,,LocalSystem,S-1-5-18,,4,177,0,0,0,0,0,0,0,1169680000,0,24576,9053,283268411,0,0,6
820,2025-05-30 18:21:00,\Device\HarddiskVolume3\Windows\System32\DriverStore\FileRepository\cui_dch.inf_amd64_4f43a1c1898e6696\igfxCUIServiceN.exe,,,LocalSystem,S-1-5-18,,4,1157,0,0,0,0,0,0,0,1169680000,0,0,70,3541412,0,0,0
821,2025-05-30 18:21:00,\Device\HarddiskVolume3\Windows\System32\DriverStore\FileRepository\hpcustomcapcomp.inf_amd64_1f7d1981016f7e88\x64\SysInfoCap.exe,,,LocalSystem,S-1-5-18,,4,1155,0,0,0,0,0,0,0,1169680000,0,0,86,2821313,0,0,0
822,2025-05-30 18:21:00,\Device\HarddiskVolume3\Windows\System32\DriverStore\FileRepository\hpcustomcapcomp.inf_amd64_1f7d1981016f7e88\x64\SysInfoCap.exe,,,LocalSystem,S-1-5-18,,4,1155,0,0,0,0,0,0,0,1169680000,0,0,99,4399554,0,0,0
823,2025-05-30 18:21:00,\Device\HarddiskVolume3\Windows\System32\DriverStore\FileRepository\hpcustomcapcomp.inf_amd64_1f7d1981016f7e88\x64\SysInfoCap.exe,,,LocalSystem,S-1-5-18,,4,1155,0,0,0,0,0,0,0,1169680000,0,0,100,3933087,0,0,0
824,2025-05-30 18:21:00,\Device\HarddiskVolume3\Windows\System32\DriverStore\FileRepository\hpanalyticscomp.inf_amd64_67bcefabacf2a385\x64\TouchpointAnalyticsClientService.exe,,,LocalSystem,S-1-5-18,,4,1156,0,0,0,0,0,0,0,1169680000,0,20480,251,41320666,0,0,5
825,2025-05-30 18:21:00,\Device\HarddiskVolume3\Windows\System32\DriverStore\FileRepository\hpcustomcapcomp.inf_amd64_1f7d1981016f7e88\x64\SysInfoCap.exe,,,LocalSystem,S-1-5-18,,4,1155,0,0,0,0,0,0,0,1169680000,0,0,95,3275281,0,0,0
826,2025-05-30 18:21:00,\Device\HarddiskVolume3\Windows\System32\svchost.exe [appmodel],,,LocalSystem,S-1-5-18,,4,172,0,0,0,0,0,0,0,1169680000,212992,2764800,35557,6098346768,171,7,675
827,2025-05-30 18:21:00,\Device\HarddiskVolume3\Windows\System32\spoolsv.exe,,,LocalSystem,S-1-5-18,,4,179,0,0,0,0,0,0,0,1169680000,0,0,1712,165976456,0,0,0
828,2025-05-30 18:21:00,\Device\HarddiskVolume3\Windows\System32\DriverStore\FileRepository\igcc_dch.inf_amd64_4b6e72c945d3dca7\OneApp.IGCC.WinService.exe,,,LocalSystem,S-1-5-18,,4,1158,0,0,0,0,0,0,0,1169680000,0,0,141,17646903,0,0,0
829,2025-05-30 18:21:00,\Device\HarddiskVolume3\Windows\System32\DbxSvc.exe,,,LocalSystem,S-1-5-18,,4,1163,0,0,0,0,0,0,0,1169680000,0,0,36,2308270,0,0,0
830,2025-05-30 18:21:00,\Device\HarddiskVolume3\Windows\System32\ibtsiva.exe,,,LocalSystem,S-1-5-18,,4,1161,0,0,0,0,0,0,0,1169680000,0,0,36,1543928,0,0,0
831,2025-05-30 18:21:00,\Device\HarddiskVolume3\Windows\System32\svchost.exe [NetSvcs],,,LocalSystem,S-1-5-18,,4,182,0,0,0,0,0,0,0,1169680000,0,0,83,3931534,0,0,0
832,2025-05-30 18:21:00,\Device\HarddiskVolume3\Windows\System32\svchost.exe [utcsvc],,,LocalSystem,S-1-5-18,,4,180,0,0,0,0,0,0,0,1169680000,57344,880640,1595,6828829033,18,4,147
833,2025-05-30 18:21:00,\Device\HarddiskVolume3\Windows\System32\DriverStore\FileRepository\mewmiprov.inf_amd64_0ce29d36fc8607e6\WMIRegistrationService.exe,,,LocalSystem,S-1-5-18,,4,1159,0,0,0,0,0,0,0,1169680000,0,0,97,5120335,0,0,0
834,2025-05-30 18:21:00,\Device\HarddiskVolume3\Windows\System32\DriverStore\FileRepository\intcoed.inf_amd64_d7062aaa5ea58bcd\AS\IAS\IntelAudioService.exe,,,LocalSystem,S-1-5-18,,4,1150,0,0,0,0,0,0,0,1169680000,0,0,69,4032945,0,0,0
835,2025-05-30 18:21:00,\Device\HarddiskVolume3\Windows\System32\DriverStore\FileRepository\dal.inf_amd64_af50fdb80983f7bc\jhi_service.exe,,,LocalSystem,S-1-5-18,,4,1160,0,0,0,0,0,0,0,1169680000,0,0,31,1578263,0,0,0
836,2025-05-30 18:21:00,\Device\HarddiskVolume3\Windows\System32\FMService64.exe,,,LocalSystem,S-1-5-18,,4,876,0,0,0,0,0,0,0,1169680000,0,0,33,1245480,0,0,0
837,2025-05-30 18:21:00,\Device\HarddiskVolume3\Windows\System32\DriverStore\FileRepository\seapo64.inf_amd64_deaeb20891c6fa3a\SECOMN64.exe,,,LocalSystem,S-1-5-18,,4,1175,0,0,0,0,0,0,0,1169680000,0,0,80,2436790,0,0,0
838,2025-05-30 18:21:00,\Device\HarddiskVolume3\Windows\System32\DriverStore\FileRepository\iastorvd.inf_amd64_15c9ea6001a5206d\RstMwService.exe,,,LocalSystem,S-1-5-18,,4,1151,0,0,0,0,0,0,0,1169680000,0,0,43,2126634,0,0,0
839,2025-05-30 18:21:00,\Device\HarddiskVolume3\Windows\System32\DriverStore\FileRepository\iigd_dch.inf_amd64_4ac98e1cc198f175\IntelCpHDCPSvc.exe,,,LocalSystem,S-1-5-18,,4,1294,0,0,0,0,0,0,0,1169680000,0,0,50,1823215,0,0,0
840,2025-05-30 18:21:00,\Device\HarddiskVolume3\Windows\System32\DriverStore\FileRepository\realtekservice.inf_amd64_a42d9de41f05fa49\RtkAudUService64.exe,,,LocalSystem,S-1-5-18,,4,1162,0,0,0,0,0,0,0,2339360000,0,0,215,9149626,0,0,0
841,2025-05-30 18:21:00,\Device\HarddiskVolume3\Program Files\HPCommRecovery\HPCommRecovery.exe,,,LocalSystem,S-1-5-18,,4,879,0,0,0,0,0,0,0,1169680000,0,0,524,78081931,0,0,0
842,2025-05-30 18:21:00,\Device\HarddiskVolume3\Windows\System32\DriverStore\FileRepository\dptf_cpu.inf_amd64_897ea327b3fe52f7\esif_uf.exe,,,LocalSystem,S-1-5-18,,4,1152,0,0,0,0,0,0,0,1169680000,0,0,36,2628156,0,0,0
843,2025-05-30 18:21:00,\Device\HarddiskVolume3\Program Files\Common Files\microsoft shared\ClickToRun\OfficeClickToRun.exe,,,LocalSystem,S-1-5-18,,4,881,0,0,0,0,0,0,0,1169680000,0,0,274,19788981,0,0,0
844,2025-05-30 18:21:00,\Device\HarddiskVolume3\Windows\System32\AggregatorHost.exe,,,LocalSystem,S-1-5-18,,4,1153,0,0,0,0,0,0,0,1169680000,0,0,85,3894676,0,0,0
845,2025-05-30 18:21:00,\Device\HarddiskVolume3\Windows\WinSxS\amd64_microsoft-windows-servicingstack_31bf3856ad364e35_10.0.22621.5334_none_e9529ad842d6dabb\TiWorker.exe,,,LocalSystem,S-1-5-18,,4,1291,0,0,0,0,0,0,0,1169680000,5739008,978944,17213,8280263239,0,90,239
846,2025-05-30 18:21:00,\Device\HarddiskVolume3\Program Files\Windows Defender\MsMpEng.exe,,,LocalSystem,S-1-5-18,,4,181,0,0,0,0,0,0,0,1169680000,0,0,1065,112318270,0,0,0
847,2025-05-30 18:21:00,\Device\HarddiskVolume3\Windows\System32\SearchIndexer.exe,,,LocalSystem,S-1-5-18,,4,183,0,0,0,0,0,0,0,1169680000,49152,929792,7407,1473749150,5,3,227
848,2025-05-30 18:21:00,\Device\HarddiskVolume3\Windows\System32\taskhostw.exe,,,LocalSystem,S-1-5-18,,4,189,0,0,0,0,0,0,0,1169680000,3722752,1826816,17065,32747287256,49,203,232
849,2025-05-30 18:21:00,System Interrupts,,,LocalSystem,S-1-5-18,,4,193,0,0,0,0,0,0,0,1169680000,0,0,0,7326552141,0,0,0
850,2025-05-30 18:21:00,Registry,,,LocalSystem,S-1-5-18,,4,162,0,0,0,0,0,0,0,1169680000,0,1925120,154,27391042,18,0,86
851,2025-05-30 18:21:00,\Device\HarddiskVolume3\Windows\System32\smss.exe,,,LocalSystem,S-1-5-18,,4,163,0,0,0,0,0,0,0,581870000,0,0,2,226135,0,0,0
852,2025-05-30 18:21:00,\Device\HarddiskVolume3\Windows\System32\LsaIso.exe,,,LocalSystem,S-1-5-18,,4,859,0,0,0,0,0,0,0,1169680000,0,0,22,5439557,0,0,0
853,2025-05-30 18:21:00,Memory Compression,,,LocalSystem,S-1-5-18,,4,178,0,0,0,0,0,0,0,581870000,0,0,8,96347,0,0,0
854,2025-05-30 18:21:00,\Device\HarddiskVolume3\Windows\System32\svchost.exe [AppReadiness],,,LocalSystem,S-1-5-18,,4,176,0,0,0,0,0,0,0,1169680000,8192,0,3731,443265749,0,1,0
855,2025-05-30 18:21:00,\Device\HarddiskVolume3\Windows\System32\ctfmon.exe,,,LocalSystem,S-1-5-18,,4,204,0,0,0,0,0,0,0,1169680000,0,0,50,3341006,0,0,0
856,2025-05-30 18:21:00,\Device\HarddiskVolume3\Windows\System32\svchost.exe [wusvcs],,,LocalSystem,S-1-5-18,,4,405,0,0,0,0,0,0,0,581870000,0,28672,1972,271945062,5,0,7
857,2025-05-30 18:21:00,\Device\HarddiskVolume3\Program Files (x86)\Microsoft\EdgeUpdate\MicrosoftEdgeUpdate.exe,,,LocalSystem,S-1-5-18,,4,874,0,0,0,0,0,0,0,2333420000,721408,359346176,116800,22608387348,0,30,68733
858,2025-05-30 18:21:00,\Device\HarddiskVolume3\Windows\System32\CloudExperienceHostBroker.exe,,,LocalSystem,S-1-5-18,,4,1304,0,0,0,0,0,0,0,1169680000,0,0,90,8116224,0,0,0
859,2025-05-30 18:21:00,\Device\HarddiskVolume3\Windows\System32\svchost.exe [WbioSvcGroup],,,LocalSystem,S-1-5-18,,4,188,0,0,0,0,0,0,0,1169680000,0,0,77,3760893,0,0,0
860,2025-05-30 18:21:00,\Device\HarddiskVolume3\Windows\System32\SearchProtocolHost.exe,,,LocalSystem,S-1-5-18,,4,185,0,0,0,0,0,0,0,587810000,0,65536,1975,457173091,0,0,16
861,2025-05-30 18:21:00,\Device\HarddiskVolume3\Windows\UUS\Packages\Preview\amd64\MoUsoCoreWorker.exe,,,LocalSystem,S-1-5-18,,4,1318,0,0,0,0,0,0,0,1169680000,950272,6062080,9348,2447145272,439,32,1480
862,2025-05-30 18:21:00,\Device\HarddiskVolume3\Windows\System32\svchost.exe [InvSvcGroup],,,LocalSystem,S-1-5-18,,4,1437,0,0,0,0,0,0,0,1169680000,0,0,66,5458954,0,0,0
863,2025-05-30 18:21:00,\Device\HarddiskVolume3\Windows\System32\UsoClient.exe,,,LocalSystem,S-1-5-18,,4,949,0,0,0,0,0,0,0,581870000,32768,0,108,80828121,0,1,0
864,2025-05-30 18:21:00,\Device\HarddiskVolume3\Windows\System32\WUDFHost.exe,,,LocalService,S-1-5-19,,6,258,0,0,0,0,0,0,0,2339360000,0,0,152,31983980,0,0,0
865,2025-05-30 18:21:00,\Device\HarddiskVolume3\Windows\System32\svchost.exe [LocalServiceNoNetwork],,,LocalService,S-1-5-19,,6,254,0,0,0,0,0,0,0,2339360000,135168,770048,984,591787700,0,7,145
866,2025-05-30 18:21:00,\Device\HarddiskVolume3\Windows\System32\svchost.exe [LocalService],,,LocalService,S-1-5-19,,6,255,0,0,0,0,0,0,0,11696800000,0,0,1897,201766100,0,0,0
867,2025-05-30 18:21:00,\Device\HarddiskVolume3\Windows\System32\svchost.exe [LocalServiceNetworkRestricted],,,LocalService,S-1-5-19,,6,256,0,0,0,0,0,0,0,15205840000,151552,2580480,7248,1188028433,3,3,116
868,2025-05-30 18:21:00,\Device\HarddiskVolume3\Windows\System32\wbem\WmiPrvSE.exe,,,LocalService,S-1-5-19,,6,187,0,0,0,0,0,0,0,1169680000,106496,40960,5333,563960257,0,5,10
869,2025-05-30 18:21:00,\Device\HarddiskVolume3\Windows\System32\svchost.exe [LocalServiceNoNetworkFirewall],,,LocalService,S-1-5-19,,6,259,0,0,0,0,0,0,0,1169680000,8192,4096,1141,540053820,0,1,1
870,2025-05-30 18:21:00,\Device\HarddiskVolume3\Windows\System32\svchost.exe [WebThreatDefense],,,LocalService,S-1-5-19,,6,1438,0,0,0,0,0,0,0,1169680000,0,0,2014,528921263,0,0,0
871,2025-05-30 18:21:00,\Device\HarddiskVolume3\Windows\System32\audiodg.exe,,,LocalService,S-1-5-19,,6,257,0,0,0,0,0,0,0,1169680000,0,0,55,2672405,0,0,0
872,2025-05-30 18:21:00,\Device\HarddiskVolume3\Windows\System32\svchost.exe [LocalServiceAndNoImpersonation],,,LocalService,S-1-5-19,,6,356,0,0,0,0,0,0,0,1169680000,16384,0,358,57112601,0,1,0
873,2025-05-30 18:21:00,\Device\HarddiskVolume3\Windows\System32\fontdrvhost.exe,,,UnknownOrUserSid,S-1-5-96-0-0,,16,248,0,0,0,0,0,0,0,1169680000,0,0,33,1258609,0,0,0
874,2025-05-30 18:21:00,\Device\HarddiskVolume3\Windows\System32\fontdrvhost.exe,,,UnknownOrUserSid,S-1-5-96-0-1,,93,248,0,0,0,0,0,0,0,1169680000,0,0,20,1154068,0,0,0
875,2025-05-30 18:21:00,\Device\HarddiskVolume3\Windows\System32\svchost.exe [RPCSS],,,NetworkService,S-1-5-20,,24,249,0,0,0,0,0,0,0,1169680000,0,16384,22111,4982934715,0,0,4
876,2025-05-30 18:21:00,\Device\HarddiskVolume3\Windows\System32\sppsvc.exe,,,NetworkService,S-1-5-20,,24,250,0,0,0,0,0,0,0,1169680000,0,1384448,983,5333788277,1,0,17
877,2025-05-30 18:21:00,\Device\HarddiskVolume3\Windows\System32\svchost.exe [NetworkService],,,NetworkService,S-1-5-20,,24,251,0,0,0,0,0,0,0,4678720000,2846720,1708032,10800,3930577147,1,91,78
878,2025-05-30 18:21:00,\Device\HarddiskVolume3\Windows\System32\wbem\WmiPrvSE.exe,,,NetworkService,S-1-5-20,,24,187,0,0,0,0,0,0,0,1169680000,22311936,1060864,18142,6617523871,0,534,259
879,2025-05-30 18:21:00,\Device\HarddiskVolume3\Windows\System32\svchost.exe [netprofm],,,NetworkService,S-1-5-20,,24,1439,0,0,0,0,0,0,0,1169680000,0,0,4465,845579052,0,0,0
880,2025-05-30 18:21:00,\Device\HarddiskVolume3\Windows\System32\SppExtComObj.Exe,,,NetworkService,S-1-5-20,,24,252,0,0,0,0,0,0,0,581870000,0,16384,88,48715752,0,0,4
881,2025-05-30 18:21:00,\Device\HarddiskVolume3\Windows\System32\dwm.exe,,,UnknownOrUserSid,S-1-5-90-0-1,,10,253,0,0,0,0,0,0,0,1169680000,0,0,1564,890808978,0,0,0
882,2025-05-30 18:21:00,\Device\HarddiskVolume3\Windows\System32\conhost.exe,,,UnknownOrUserSid,S-1-5-21-3742442691-1288352992-3554343984-1000,,1285,175,0,0,0,0,0,0,0,1169680000,0,0,20,1176878,0,0,0
883,2025-05-30 18:21:00,Microsoft.Windows.ContentDeliveryManager_10.0.22621.2506_neutral_neutral_cw5n1h2txyewy,,,UnknownOrUserSid,S-1-5-21-3742442691-1288352992-3554343984-1000,,1285,1287,4096,28672,510,127565046,1,1,7,0,0,0,0,0,0,0,0
884,2025-05-30 18:21:00,Microsoft.Windows.CloudExperienceHost_10.0.22621.2506_neutral_neutral_cw5n1h2txyewy,,,UnknownOrUserSid,S-1-5-21-3742442691-1288352992-3554343984-1000,,1285,1286,98304,8192,1170,134132427,0,4,2,1169719075,258048,8192,3274,1055902605,0,14,2
885,2025-05-30 18:21:00,\Device\HarddiskVolume3\Windows\System32\ctfmon.exe,,,UnknownOrUserSid,S-1-5-21-3742442691-1288352992-3554343984-1000,,1285,204,0,0,0,0,0,0,0,1169680000,0,0,174,11736168,0,0,0
886,2025-05-30 18:21:00,\Device\HarddiskVolume3\Windows\System32\sihost.exe,,,UnknownOrUserSid,S-1-5-21-3742442691-1288352992-3554343984-1000,,1285,200,0,0,0,0,0,0,0,1169680000,0,16384,4658,586442849,0,0,4
887,2025-05-30 18:21:00,\Device\HarddiskVolume3\Windows\System32\svchost.exe,,,UnknownOrUserSid,S-1-5-21-3742442691-1288352992-3554343984-1000,,1285,201,0,0,0,0,0,0,0,7018080000,32768,753664,495,51346444,3,1,184
888,2025-05-30 18:21:00,\Device\HarddiskVolume3\Windows\System32\DriverStore\FileRepository\cui_dch.inf_amd64_4f43a1c1898e6696\igfxEMN.exe,,,UnknownOrUserSid,S-1-5-21-3742442691-1288352992-3554343984-1000,,1285,1176,0,0,0,0,0,0,0,1169680000,0,0,148,9069088,0,0,0
889,2025-05-30 18:21:00,\Device\HarddiskVolume3\Windows\explorer.exe,,,UnknownOrUserSid,S-1-5-21-3742442691-1288352992-3554343984-1000,,1285,202,0,0,0,0,0,0,0,1169680000,167936,253952,2882,615154984,0,7,37
890,2025-05-30 18:21:00,\Device\HarddiskVolume3\Windows\System32\DriverStore\FileRepository\seapo64.inf_amd64_deaeb20891c6fa3a\SECOCL64.exe,,,UnknownOrUserSid,S-1-5-21-3742442691-1288352992-3554343984-1000,,1285,1325,0,0,0,0,0,0,0,1169680000,0,0,40,4006609,0,0,0
891,2025-05-30 18:21:00,\Device\HarddiskVolume3\Windows\System32\dllhost.exe,,,UnknownOrUserSid,S-1-5-21-3742442691-1288352992-3554343984-1000,,1285,190,0,0,0,0,0,0,0,4090910000,0,331776,256,56949811,0,0,21
892,2025-05-30 18:21:00,\Device\HarddiskVolume3\Windows\System32\smartscreen.exe,,,UnknownOrUserSid,S-1-5-21-3742442691-1288352992-3554343984-1000,,1285,208,0,0,0,0,0,0,0,1169680000,0,0,128,8082344,0,0,0
893,2025-05-30 18:21:00,Microsoft.LockApp_10.0.22621.4974_neutral__cw5n1h2txyewy,,,UnknownOrUserSid,S-1-5-21-3742442691-1288352992-3554343984-1000,,1285,1428,0,0,559,97388431,0,0,0,0,0,0,0,0,0,0,0
926,2025-05-30 19:10:00,Microsoft.Windows.OOBENetworkConnectionFlow_10.0.21302.1000_neutral__cw5n1h2txyewy,,,UnknownOrUserSid,S-1-5-21-3742442691-1288352992-3554343984-1000,,1285,1284,741376,114688,4255,514863594,0,36,28,488182638,3152896,217088,6340,2830380415,1,123,53
927,2025-05-30 19:10:00,Microsoft.Windows.ContentDeliveryManager_10.0.22621.2506_neutral_neutral_cw5n1h2txyewy,,,UnknownOrUserSid,S-1-5-21-3742442691-1288352992-3554343984-1000,,1285,1287,3417600,4096,1251,434815835,4,152,1,0,0,0,0,0,0,0,0
928,2025-05-30 19:10:00,Microsoft.Windows.CloudExperienceHost_10.0.22621.2506_neutral_neutral_cw5n1h2txyewy,,,UnknownOrUserSid,S-1-5-21-3742442691-1288352992-3554343984-1000,,1285,1286,5666816,94208,12713,2367461217,0,263,23,2731839913,49716224,21966848,164398,133470886058,1,2084,1389
929,2025-05-30 19:10:00,MicrosoftWindows.Client.WebExperience_525.10401.30.0_x64__cw5n1h2txyewy,,,UnknownOrUserSid,S-1-5-21-3742442691-1288352992-3554343984-1000,,1285,1826,0,0,1,9411,0,0,0,17850301,3408896,77824,608,303406070,0,193,17
930,2025-05-30 19:10:00,\Device\HarddiskVolume3\Windows\System32\sihost.exe,,,UnknownOrUserSid,S-1-5-21-3742442691-1288352992-3554343984-1000,,1285,200,0,0,0,0,0,0,0,2927340000,3545600,28672,4180,875360254,0,148,7
931,2025-05-30 19:10:00,\Device\HarddiskVolume3\Windows\System32\svchost.exe,,,UnknownOrUserSid,S-1-5-21-3742442691-1288352992-3554343984-1000,,1285,201,0,0,0,0,0,0,0,15836700000,4743680,1421312,2232,646854775,1,243,347
932,2025-05-30 19:10:00,\Device\HarddiskVolume3\Windows\System32\DriverStore\FileRepository\cui_dch.inf_amd64_4f43a1c1898e6696\igfxEMN.exe,,,UnknownOrUserSid,S-1-5-21-3742442691-1288352992-3554343984-1000,,1285,1176,0,0,0,0,0,0,0,2927340000,0,0,276,15896090,0,0,0
933,2025-05-30 19:10:00,\Device\HarddiskVolume3\Windows\System32\conhost.exe,,,UnknownOrUserSid,S-1-5-21-3742442691-1288352992-3554343984-1000,,1285,175,0,0,0,0,0,0,0,2927340000,0,0,41,3570614,0,0,0
934,2025-05-30 19:10:00,\Device\HarddiskVolume3\Windows\System32\smartscreen.exe,,,UnknownOrUserSid,S-1-5-21-3742442691-1288352992-3554343984-1000,,1285,208,0,0,0,0,0,0,0,2927340000,2860032,8192,3377,1501935962,0,92,2
935,2025-05-30 19:10:00,\Device\HarddiskVolume3\Windows\System32\DriverStore\FileRepository\seapo64.inf_amd64_deaeb20891c6fa3a\SECOCL64.exe,,,UnknownOrUserSid,S-1-5-21-3742442691-1288352992-3554343984-1000,,1285,1325,0,0,0,0,0,0,0,2927340000,8192,4096,85,11562474,0,2,1
936,2025-05-30 19:10:00,\Device\HarddiskVolume3\Windows\explorer.exe,,,UnknownOrUserSid,S-1-5-21-3742442691-1288352992-3554343984-1000,,1285,202,0,0,0,0,0,0,0,2927340000,51581440,876544,33592,4485862886,1,2451,125
937,2025-05-30 19:10:00,\Device\HarddiskVolume3\Windows\System32\ctfmon.exe,,,UnknownOrUserSid,S-1-5-21-3742442691-1288352992-3554343984-1000,,1285,204,0,0,0,0,0,0,0,2927340000,5221888,20480,8638,1931995736,0,371,5
938,2025-05-30 19:10:00,\Device\HarddiskVolume3\Windows\System32\dllhost.exe,,,UnknownOrUserSid,S-1-5-21-3742442691-1288352992-3554343984-1000,,1285,190,0,0,0,0,0,0,0,5854680000,5337088,11943936,3582,853079593,0,177,489
939,2025-05-30 19:10:00,Microsoft.AAD.BrokerPlugin_1000.19580.1000.2_neutral_neutral_cw5n1h2txyewy,,,UnknownOrUserSid,S-1-5-21-3742442691-1288352992-3554343984-1000,,1285,1288,345088,0,473,171582735,1,10,0,0,0,0,0,0,0,0,0
940,2025-05-30 19:10:00,System,,,LocalSystem,S-1-5-18,,4,161,2785280,20480,778,325506768,1,127,5,25727204466,183179776,693496320,9225124,537267274589,353,2637,80592
941,2025-05-30 19:10:00,Registry,,,LocalSystem,S-1-5-18,,4,162,0,0,40,4462507,0,0,0,27338240291,0,70959104,9077,2743099730,305,0,4260
942,2025-05-30 19:10:00,\Device\HarddiskVolume3\Windows\System32\csrss.exe,,,LocalSystem,S-1-5-18,,4,164,0,0,4,1059197,0,0,0,56854841263,13952000,139264,92952,11759270065,0,508,34
943,2025-05-30 19:10:00,\Device\HarddiskVolume3\Windows\System32\wininit.exe,,,LocalSystem,S-1-5-18,,4,165,0,0,0,0,0,0,0,13528280000,0,0,119,19327366,0,0,0
944,2025-05-30 19:10:00,\Device\HarddiskVolume3\Windows\System32\services.exe,,,LocalSystem,S-1-5-18,,4,167,0,0,0,0,0,0,0,28727270397,59782144,58683392,860140,65214041385,6,1396,8719
945,2025-05-30 19:10:00,\Device\HarddiskVolume3\Windows\System32\winlogon.exe,,,LocalSystem,S-1-5-18,,4,166,0,0,0,0,0,0,0,26927340000,183808,4096,1640,644013288,0,11,1
946,2025-05-30 19:10:00,\Device\HarddiskVolume3\Windows\System32\lsass.exe,,,LocalSystem,S-1-5-18,,4,168,0,0,0,0,0,0,0,28727500000,13777920,36107776,713708,60457441808,77,307,3727
947,2025-05-30 19:10:00,\Device\HarddiskVolume3\Windows\System32\svchost.exe [DcomLaunch],,,LocalSystem,S-1-5-18,,4,169,0,0,0,0,0,0,0,57455000000,19431936,7469056,795033,100217375204,120,482,418
948,2025-05-30 19:10:00,\Device\HarddiskVolume3\Windows\System32\svchost.exe [netsvcs],,,LocalSystem,S-1-5-18,,4,170,0,0,0,0,0,0,0,537516260000,315473408,405725184,820963,464283090954,287,6961,26255
949,2025-05-30 19:10:00,\Device\HarddiskVolume3\Windows\System32\svchost.exe [LocalSystemNetworkRestricted],,,LocalSystem,S-1-5-18,,4,171,0,0,0,0,0,0,0,352916060000,944701952,37904896,127410,57345717836,8,39751,6216
950,2025-05-30 19:10:00,\Device\HarddiskVolume3\Windows\System32\DriverStore\FileRepository\iigd_dch.inf_amd64_4ac98e1cc198f175\IntelCpHDCPSvc.exe,,,LocalSystem,S-1-5-18,,4,1294,0,0,0,0,0,0,0,14728280000,0,0,115,13650166,0,0,0
951,2025-05-30 19:10:00,\Device\HarddiskVolume3\Windows\System32\svchost.exe [UserProfileService],,,LocalSystem,S-1-5-18,,4,1146,0,0,0,0,0,0,0,24328280000,5484032,5511168,6792,2891536672,24,386,996
952,2025-05-30 19:10:00,\Device\HarddiskVolume3\Program Files\Windows Defender\MsMpEng.exe,,,LocalSystem,S-1-5-18,,4,181,0,0,0,0,0,0,0,28727500000,656384,151552,17296,3142729782,1,11,23
953,2025-05-30 19:10:00,\Device\HarddiskVolume3\Windows\System32\svchost.exe [osprivacy],,,LocalSystem,S-1-5-18,,4,1154,0,0,0,0,0,0,0,28528440000,1139712,110592,40624,15962948983,4,49,27
954,2025-05-30 19:10:00,Memory Compression,,,LocalSystem,S-1-5-18,,4,178,0,0,0,0,0,0,0,26927500000,286720,483328,149305,11146670041,0,9,52
955,2025-05-30 19:10:00,\Device\HarddiskVolume3\Windows\System32\DriverStore\FileRepository\cui_dch.inf_amd64_4f43a1c1898e6696\igfxCUIServiceN.exe,,,LocalSystem,S-1-5-18,,4,1157,0,0,0,0,0,0,0,17327180000,0,0,406,57715126,0,0,0
956,2025-05-30 19:10:00,\Device\HarddiskVolume3\Windows\System32\taskhostw.exe,,,LocalSystem,S-1-5-18,,4,189,0,0,0,0,0,0,0,29529380000,42770304,3129344,109537,52274924448,91,1498,458
957,2025-05-30 19:10:00,\Device\HarddiskVolume3\Windows\System32\DriverStore\FileRepository\hpcustomcapcomp.inf_amd64_1f7d1981016f7e88\x64\SysInfoCap.exe,,,LocalSystem,S-1-5-18,,4,1155,0,0,0,0,0,0,0,25727500000,4788224,188416,27182,8762054649,0,101,46
958,2025-05-30 19:10:00,\Device\HarddiskVolume3\Windows\System32\DriverStore\FileRepository\hpcustomcapcomp.inf_amd64_1f7d1981016f7e88\x64\SysInfoCap.exe,,,LocalSystem,S-1-5-18,,4,1155,0,0,0,0,0,0,0,27527500000,55133696,39858176,9746,12146420079,0,263,292
959,2025-05-30 19:10:00,\Device\HarddiskVolume3\Windows\System32\DriverStore\FileRepository\hpcustomcapcomp.inf_amd64_1f7d1981016f7e88\x64\SysInfoCap.exe,,,LocalSystem,S-1-5-18,,4,1155,0,0,0,0,0,0,0,23927340000,3166720,143360,10326,9079830762,0,105,35
960,2025-05-30 19:10:00,\Device\HarddiskVolume3\Windows\System32\DriverStore\FileRepository\hpcustomcapcomp.inf_amd64_1f7d1981016f7e88\x64\SysInfoCap.exe,,,LocalSystem,S-1-5-18,,4,1155,0,0,0,0,0,0,0,24527340000,4410368,397312,3082,1514357976,0,52,95
961,2025-05-30 19:10:00,\Device\HarddiskVolume3\Windows\System32\DriverStore\FileRepository\hpanalyticscomp.inf_amd64_67bcefabacf2a385\x64\TouchpointAnalyticsClientService.exe,,,LocalSystem,S-1-5-18,,4,1156,0,0,0,0,0,0,0,28727500000,31011840,999424,8893,10813961866,0,1381,239
962,2025-05-30 19:10:00,\Device\HarddiskVolume3\Windows\System32\svchost.exe [appmodel],,,LocalSystem,S-1-5-18,,4,172,0,0,0,0,0,0,0,28727500000,2154496,11563008,1547161,460852352935,708,174,2822
963,2025-05-30 19:10:00,\Device\HarddiskVolume3\Windows\System32\DriverStore\FileRepository\hpqkbsoftwarecompnent.inf_amd64_a22c6a91e05f8cee\LanWlanWwanSwitchingServiceUWP.exe,,,LocalSystem,S-1-5-18,,4,1293,0,0,0,0,0,0,0,20327340000,416256,45056,4129,1896036198,0,9,10
964,2025-05-30 19:10:00,\Device\HarddiskVolume3\Program Files (x86)\Microsoft\EdgeUpdate\MicrosoftEdgeUpdate.exe,,,LocalSystem,S-1-5-18,,4,874,0,0,0,0,0,0,0,19727340000,848896,200704,2183,396133717,0,37,48
965,2025-05-30 19:10:00,\Device\HarddiskVolume3\Windows\System32\DriverStore\FileRepository\hpqkbsoftwarecompnent.inf_amd64_a22c6a91e05f8cee\LanWlanWwanSwitchingServiceUWP.exe,,,LocalSystem,S-1-5-18,,4,1293,0,0,0,0,0,0,0,28727500000,8531968,348160,35377,8721217544,0,234,83
966,2025-05-30 19:10:00,\Device\HarddiskVolume3\Windows\System32\spoolsv.exe,,,LocalSystem,S-1-5-18,,4,179,0,0,0,0,0,0,0,20927020000,6564864,176128,13589,1518824092,0,351,43
967,2025-05-30 19:10:00,\Device\HarddiskVolume3\Windows\System32\svchost.exe [wsappx],,,LocalSystem,S-1-5-18,,4,173,0,0,0,0,0,0,0,41854840000,137812480,306946048,353533,339055586680,5510,7923,60211
968,2025-05-30 19:10:00,\Device\HarddiskVolume3\Windows\System32\wlanext.exe,,,LocalSystem,S-1-5-18,,4,174,0,0,0,0,0,0,0,21928280000,0,0,522,39586364,0,0,0
969,2025-05-30 19:10:00,\Device\HarddiskVolume3\Windows\System32\conhost.exe,,,LocalSystem,S-1-5-18,,4,175,0,0,0,0,0,0,0,20930480000,268288,4096,7816,1005934700,0,4,1
970,2025-05-30 19:10:00,\Device\HarddiskVolume3\Windows\System32\ibtsiva.exe,,,LocalSystem,S-1-5-18,,4,1161,0,0,0,0,0,0,0,15328280000,0,0,403,103504503,0,0,0
971,2025-05-30 19:10:00,\Device\HarddiskVolume3\Windows\System32\DbxSvc.exe,,,LocalSystem,S-1-5-18,,4,1163,0,0,0,0,0,0,0,19528280000,0,0,658,66778371,0,0,0
972,2025-05-30 19:10:00,\Device\HarddiskVolume3\Windows\System32\FMService64.exe,,,LocalSystem,S-1-5-18,,4,876,0,0,0,0,0,0,0,17327180000,0,0,781,870385059,0,0,0
973,2025-05-30 19:10:00,\Device\HarddiskVolume3\Windows\System32\svchost.exe [utcsvc],,,LocalSystem,S-1-5-18,,4,180,0,0,0,0,0,0,0,28727500000,220138496,13234176,38763,33489610490,92,1765,1778
974,2025-05-30 19:10:00,\Device\HarddiskVolume3\Program Files\HPCommRecovery\HPCommRecovery.exe,,,LocalSystem,S-1-5-18,,4,879,0,0,0,0,0,0,0,22528440000,110592,0,3057,1060331205,0,4,0
975,2025-05-30 19:10:00,\Device\HarddiskVolume3\Windows\System32\DriverStore\FileRepository\igcc_dch.inf_amd64_4b6e72c945d3dca7\OneApp.IGCC.WinService.exe,,,LocalSystem,S-1-5-18,,4,1158,0,0,0,0,0,0,0,28727500000,7973376,40960,5113,7814749156,0,547,9
976,2025-05-30 19:10:00,\Device\HarddiskVolume3\Windows\System32\DriverStore\FileRepository\iclsclient.inf_amd64_bc9b92a50d527061\lib\TPMProvisioningService.exe,,,LocalSystem,S-1-5-18,,4,1290,0,0,0,0,0,0,0,1127340000,32768,0,57,16751264,0,1,0
977,2025-05-30 19:10:00,\Device\HarddiskVolume3\Program Files\Common Files\microsoft shared\ClickToRun\OfficeClickToRun.exe,,,LocalSystem,S-1-5-18,,4,881,0,0,0,0,0,0,0,28727500000,8346112,200704,8727,4478193293,3,179,37
978,2025-05-30 19:10:00,\Device\HarddiskVolume3\Windows\System32\svchost.exe [NetSvcs],,,LocalSystem,S-1-5-18,,4,182,0,0,0,0,0,0,0,27527500000,135168,0,4110,1032141943,0,6,0
979,2025-05-30 19:10:00,\Device\HarddiskVolume3\Windows\System32\DriverStore\FileRepository\dal.inf_amd64_af50fdb80983f7bc\jhi_service.exe,,,LocalSystem,S-1-5-18,,4,1160,0,0,0,0,0,0,0,9328280000,0,0,97,11548099,0,0,0
980,2025-05-30 19:10:00,\Device\HarddiskVolume3\Windows\System32\DriverStore\FileRepository\intcoed.inf_amd64_d7062aaa5ea58bcd\AS\IAS\IntelAudioService.exe,,,LocalSystem,S-1-5-18,,4,1150,0,0,0,0,0,0,0,17927340000,49547776,151552,5471,7449729811,0,2148,21
981,2025-05-30 19:10:00,\Device\HarddiskVolume3\Windows\System32\DriverStore\FileRepository\dptf_cpu.inf_amd64_897ea327b3fe52f7\esif_uf.exe,,,LocalSystem,S-1-5-18,,4,1152,0,0,0,0,0,0,0,26128440000,610816,8192,730,168497234,0,27,2
982,2025-05-30 19:10:00,\Device\HarddiskVolume3\Windows\System32\DriverStore\FileRepository\realtekservice.inf_amd64_a42d9de41f05fa49\RtkAudUService64.exe,,,LocalSystem,S-1-5-18,,4,1162,0,0,0,0,0,0,0,55655000000,204288,7286784,8934,2258257373,38,7,71
983,2025-05-30 19:10:00,\Device\HarddiskVolume3\Windows\System32\DriverStore\FileRepository\iastorvd.inf_amd64_15c9ea6001a5206d\RstMwService.exe,,,LocalSystem,S-1-5-18,,4,1151,0,0,0,0,0,0,0,9328280000,0,0,110,15931051,0,0,0
984,2025-05-30 19:10:00,\Device\HarddiskVolume3\Windows\System32\DriverStore\FileRepository\seapo64.inf_amd64_deaeb20891c6fa3a\SECOMN64.exe,,,LocalSystem,S-1-5-18,,4,1175,0,0,0,0,0,0,0,19127020000,16384,8192,998,206995841,0,1,2
985,2025-05-30 19:10:00,\Device\HarddiskVolume3\Windows\System32\DriverStore\FileRepository\mewmiprov.inf_amd64_0ce29d36fc8607e6\WMIRegistrationService.exe,,,LocalSystem,S-1-5-18,,4,1159,0,0,0,0,0,0,0,17128280000,69632,0,257,82441771,0,3,0
986,2025-05-30 19:10:00,\Device\HarddiskVolume3\Windows\System32\DriverStore\FileRepository\hpqkbsoftwarecompnent.inf_amd64_a22c6a91e05f8cee\LanWlanWwanSwitchingServiceUWP.exe,,,LocalSystem,S-1-5-18,,4,1293,0,0,0,0,0,0,0,28727500000,8086528,466944,3237,564687099,0,187,102
987,2025-05-30 19:10:00,\Device\HarddiskVolume3\Windows\System32\AggregatorHost.exe,,,LocalSystem,S-1-5-18,,4,1153,0,0,0,0,0,0,0,26927500000,1200128,49152,2308,880244202,0,28,12
988,2025-05-30 19:10:00,\Device\HarddiskVolume3\Windows\System32\svchost.exe [AppReadiness],,,LocalSystem,S-1-5-18,,4,176,0,0,0,0,0,0,0,14327500000,3512320,589824,70892,60990817238,2,235,26
989,2025-05-30 19:10:00,\Device\HarddiskVolume3\Program Files (x86)\HP\Shared\hpqwmiex.exe,,,LocalSystem,S-1-5-18,,4,861,0,0,0,0,0,0,0,28727500000,143360,0,1591,418006984,0,5,0
990,2025-05-30 19:10:00,\Device\HarddiskVolume3\Windows\System32\wbem\WmiPrvSE.exe,,,LocalSystem,S-1-5-18,,4,187,0,0,0,0,0,0,0,27928280000,942592,32768,6706,3742792925,0,44,8
991,2025-05-30 19:10:00,\Device\HarddiskVolume3\Windows\System32\dllhost.exe,,,LocalSystem,S-1-5-18,,4,190,0,0,0,0,0,0,0,1200000000,172032,241664,708,242899324,0,7,48
992,2025-05-30 19:10:00,\Device\HarddiskVolume3\Windows\System32\SearchIndexer.exe,,,LocalSystem,S-1-5-18,,4,183,0,0,0,0,0,0,0,28727500000,11974656,751250944,802414,397702336112,1180,571,182514
993,2025-05-30 19:10:00,System Interrupts,,,LocalSystem,S-1-5-18,,4,193,0,0,0,0,0,0,0,28727500000,17585664,6352896,8736,303658517866,0,343,151
994,2025-05-30 19:10:00,\Device\HarddiskVolume3\Windows\System32\CloudExperienceHostBroker.exe,,,LocalSystem,S-1-5-18,,4,1304,0,0,0,0,0,0,0,17800940000,3419136,7700480,11829,3349310157,11,156,1879
995,2025-05-30 19:10:00,\Device\HarddiskVolume3\Windows\System32\SearchProtocolHost.exe,,,LocalSystem,S-1-5-18,,4,185,0,0,0,0,0,0,0,27000160000,133126656,1302528,500306,89451940352,0,2280,318
996,2025-05-30 19:10:00,\Device\HarddiskVolume3\Windows\System32\smss.exe,,,LocalSystem,S-1-5-18,,4,163,0,0,0,0,0,0,0,1800000000,0,0,18,5188662,0,0,0
997,2025-05-30 19:10:00,\Device\HarddiskVolume3\Windows\System32\LsaIso.exe,,,LocalSystem,S-1-5-18,,4,859,0,0,0,0,0,0,0,6599789034,0,0,1243,207155727,0,0,0
998,2025-05-30 19:10:00,\Device\HarddiskVolume3\Windows\System32\svchost.exe [wusvcs],,,LocalSystem,S-1-5-18,,4,405,0,0,0,0,0,0,0,8200780000,2807808,466944,37952,16573842166,65,83,101
999,2025-05-30 19:10:00,\Device\HarddiskVolume3\Windows\System32\SearchFilterHost.exe,,,LocalSystem,S-1-5-18,,4,186,0,0,0,0,0,0,0,36401100000,2197504,139264,75207,12235283853,0,115,34
1000,2025-05-30 19:10:00,\Device\HarddiskVolume3\Windows\servicing\TrustedInstaller.exe,,,LocalSystem,S-1-5-18,,4,177,0,0,0,0,0,0,0,15400940000,439901,53248,58880,2779326317,0,9,13
1001,2025-05-30 19:10:00,\Device\HarddiskVolume3\Windows\UUS\Packages\Preview\amd64\MoUsoCoreWorker.exe,,,LocalSystem,S-1-5-18,,4,1318,0,0,0,0,0,0,0,10000780000,5090816,6184960,43619,20877633727,426,323,1510
1002,2025-05-30 19:10:00,\Device\HarddiskVolume3\Windows\System32\Dism\DismHost.exe,,,LocalSystem,S-1-5-18,,4,1317,0,0,0,0,0,0,0,600000000,132096,0,70,29694685,0,2,0
1003,2025-05-30 19:10:00,\Device\HarddiskVolume3\Windows\WinSxS\amd64_microsoft-windows-servicingstack_31bf3856ad364e35_10.0.22621.5334_none_e9529ad842d6dabb\TiWorker.exe,,,LocalSystem,S-1-5-18,,4,1291,0,0,0,0,0,0,0,14200940000,392801280,11767808,109667,55359541525,8,2735,2132
1004,2025-05-30 19:10:00,\Device\HarddiskVolume3\Windows\System32\svchost.exe [WbioSvcGroup],,,LocalSystem,S-1-5-18,,4,188,0,0,0,0,0,0,0,1800000000,594432,69632,211,98978227,0,8,17
1005,2025-05-30 19:10:00,\Device\HarddiskVolume3\Windows\System32\LogonUI.exe,,,LocalSystem,S-1-5-18,,4,542,0,0,0,0,0,0,0,1800000000,4848128,69632,2716,1578413828,0,258,17
1006,2025-05-30 19:10:00,\Device\HarddiskVolume3\Windows\System32\oobe\FirstLogonAnim.exe,,,LocalSystem,S-1-5-18,,4,203,0,0,0,0,0,0,0,600000000,16509440,32768,9434,16258509042,0,668,8
1007,2025-05-30 19:10:00,\Device\HarddiskVolume3\Windows\System32\VSSVC.exe,,,LocalSystem,S-1-5-18,,4,191,0,0,0,0,0,0,0,6600320000,2446336,30961664,16252,3332360755,97,482,5326
1008,2025-05-30 19:10:00,\Device\HarddiskVolume3\Windows\System32\svchost.exe [swprv],,,LocalSystem,S-1-5-18,,4,192,0,0,0,0,0,0,0,11400160000,1024512,198656,35180,11664479672,0,72,33
1009,2025-05-30 19:10:00,\Device\HarddiskVolume3\Windows\System32\wbem\unsecapp.exe,,,LocalSystem,S-1-5-18,,4,865,0,0,0,0,0,0,0,25200160000,8192,0,1534,276817639,0,2,0
1010,2025-05-30 19:10:00,\Device\HarddiskVolume3\Program Files\HP\Sure Click\servers\BrService.exe,,,LocalSystem,S-1-5-18,,4,1839,0,0,0,0,0,0,0,25200160000,71179264,8925184,51946,59072661954,39,1553,955
1011,2025-05-30 19:10:00,\Device\HarddiskVolume3\Program Files\HP\Sure Click\servers\BemSvc.exe,,,LocalSystem,S-1-5-18,,4,1840,0,0,0,0,0,0,0,25200160000,24948140789,4897005568,2255743,2828461463782,4032,801439,714960
1012,2025-05-30 19:10:00,\Device\HarddiskVolume3\Program Files\HP\Sure Click\servers\BrRemoteMgmtSvc.exe,,,LocalSystem,S-1-5-18,,4,1841,0,0,0,0,0,0,0,25200160000,2313216,4698112,13521,2910483126,17,75,281
1013,2025-05-30 19:10:00,\Device\HarddiskVolume3\Windows\System32\SecurityHealthService.exe,,,LocalSystem,S-1-5-18,,4,304,0,0,0,0,0,0,0,24600000000,612305920,78229504,42667,38638439194,40,11563,12816
1014,2025-05-30 19:10:00,\Device\HarddiskVolume3\Windows\System32\msiexec.exe,,,LocalSystem,S-1-5-18,,4,872,0,0,0,0,0,0,0,14999840000,1242724352,3317469184,352563,104974554648,33,10519,128513
1015,2025-05-30 19:10:00,\Device\HarddiskVolume3\Program Files\HP\Security Update Service\4.4.24.3257\SecurityUpdateService.exe,,,LocalSystem,S-1-5-18,,4,1842,0,0,0,0,0,0,0,24600160000,22958080,1230491648,76882,17648193811,0,42,5449
1016,2025-05-30 19:10:00,\Device\HarddiskVolume3\Windows\SysWOW64\msiexec.exe,,,LocalSystem,S-1-5-18,,4,909,0,0,0,0,0,0,0,1200000000,78993408,12288,2731,1467316020,0,1316,3
1017,2025-05-30 19:10:00,\Device\HarddiskVolume3\Windows\System32\UsoClient.exe,,,LocalSystem,S-1-5-18,,4,949,0,0,0,0,0,0,0,1200000000,0,8192,924,352248595,0,0,2
1018,2025-05-30 19:10:00,\Device\HarddiskVolume3\Windows\System32\SrTasks.exe,,,LocalSystem,S-1-5-18,,4,1843,0,0,0,0,0,0,0,1200000000,272637440,73728,55419,11461352627,0,11190,18
1019,2025-05-30 19:10:00,\Device\HarddiskVolume3\Program Files\HP\Sure Click\4.4.24.3257\servers\BrAxService.exe,,,LocalSystem,S-1-5-18,,4,1844,0,0,0,0,0,0,0,8800780000,0,0,94,44288862,0,0,0
1020,2025-05-30 19:10:00,\Device\HarddiskVolume3\Program Files (x86)\BraveSoftware\Update\BraveUpdate.exe,,,LocalSystem,S-1-5-18,,4,1845,0,0,0,0,0,0,0,14400480000,1003520,20873216,8276,2602545275,0,26,614
1021,2025-05-30 19:10:00,\Device\HarddiskVolume3\Windows\Microsoft.NET\Framework\v4.0.30319\ngentask.exe,,,LocalSystem,S-1-5-18,,4,1846,0,0,0,0,0,0,0,1000940000,571904,24576,3764,1316449971,0,20,6
1022,2025-05-30 19:10:00,\Device\HarddiskVolume3\Windows\Microsoft.NET\Framework64\v4.0.30319\ngentask.exe,,,LocalSystem,S-1-5-18,,4,1847,0,0,0,0,0,0,0,1000940000,167936,16384,4106,2395717010,0,3,4
1023,2025-05-30 19:10:00,\Device\HarddiskVolume3\Windows\Microsoft.NET\Framework\v4.0.30319\ngen.exe,,,LocalSystem,S-1-5-18,,4,396,0,0,0,0,0,0,0,1000940000,2729984,2940928,6109,3311262921,0,678,685
1024,2025-05-30 19:10:00,\Device\HarddiskVolume3\Windows\Microsoft.NET\Framework64\v4.0.30319\ngen.exe,,,LocalSystem,S-1-5-18,,4,399,0,0,0,0,0,0,0,1000940000,6136832,2662400,5774,2923423469,0,737,620
1025,2025-05-30 19:10:00,\Device\HarddiskVolume3\Windows\Microsoft.NET\Framework64\v4.0.30319\mscorsvw.exe,,,LocalSystem,S-1-5-18,,4,400,0,0,0,0,0,0,0,400940000,4625408,4096,368,2469639304,0,52,1
1026,2025-05-30 19:10:00,\Device\HarddiskVolume3\Windows\Microsoft.NET\Framework\v4.0.30319\mscorsvw.exe,,,LocalSystem,S-1-5-18,,4,470,0,0,0,0,0,0,0,600000000,5736960,0,370,1702820406,0,108,0
1027,2025-05-30 19:10:00,\Device\HarddiskVolume3\Windows\System32\svchost.exe [CameraMonitor],,,LocalSystem,S-1-5-18,,4,1180,0,0,0,0,0,0,0,6000000000,0,0,325,131424319,0,0,0
1028,2025-05-30 19:10:00,\Device\HarddiskVolume3\Windows\System32\fontdrvhost.exe,,,UnknownOrUserSid,S-1-5-96-0-0,,16,248,0,0,0,0,0,0,0,20128120000,438272,0,1345,165451983,0,13,0
1029,2025-05-30 19:10:00,\Device\HarddiskVolume3\Windows\System32\fontdrvhost.exe,,,UnknownOrUserSid,S-1-5-96-0-1,,93,248,0,0,0,0,0,0,0,2327340000,256000,0,309,15885261,0,9,0
1030,2025-05-30 19:10:00,\Device\HarddiskVolume3\Windows\System32\WUDFHost.exe,,,LocalService,S-1-5-19,,6,258,0,0,0,0,0,0,0,43455780000,22226944,77824,4408,3176950333,4,948,19
1031,2025-05-30 19:10:00,\Device\HarddiskVolume3\Windows\System32\svchost.exe [LocalService],,,LocalService,S-1-5-19,,6,255,0,0,0,0,0,0,0,212024380000,3070464,2932736,53680,14537028343,7,127,158
1032,2025-05-30 19:10:00,\Device\HarddiskVolume3\Windows\System32\svchost.exe [LocalServiceNetworkRestricted],,,LocalService,S-1-5-19,,6,256,0,0,0,0,0,0,0,329204840000,32122880,35426304,94270,24300746776,120,1037,2109
1033,2025-05-30 19:10:00,\Device\HarddiskVolume3\Windows\System32\svchost.exe [LocalServiceNoNetwork],,,LocalService,S-1-5-19,,6,254,0,0,0,0,0,0,0,54455160000,9278976,1617920,25100,12596751664,0,410,191
1034,2025-05-30 19:10:00,\Device\HarddiskVolume3\Windows\System32\svchost.exe [LocalServiceNoNetworkFirewall],,,LocalService,S-1-5-19,,6,259,0,0,0,0,0,0,0,28727500000,271360,1256960,18106,9335227305,1,13,64
1035,2025-05-30 19:10:00,\Device\HarddiskVolume3\Windows\System32\svchost.exe [WebThreatDefense],,,LocalService,S-1-5-19,,6,1438,0,0,0,0,0,0,0,28727500000,2545152,131072,24607,4299030910,0,69,31
1036,2025-05-30 19:10:00,\Device\HarddiskVolume3\Windows\System32\audiodg.exe,,,LocalService,S-1-5-19,,6,257,0,0,0,0,0,0,0,22727500000,4474880,32768,98774,43782850804,0,191,8
1037,2025-05-30 19:10:00,\Device\HarddiskVolume3\Windows\System32\wbem\WmiPrvSE.exe,,,LocalService,S-1-5-19,,6,187,0,0,0,0,0,0,0,17327660000,1017344,69632,18015,3357894468,0,59,17
1038,2025-05-30 19:10:00,\Device\HarddiskVolume3\Windows\System32\svchost.exe [LocalServiceAndNoImpersonation],,,LocalService,S-1-5-19,,6,356,0,0,0,0,0,0,0,20400160000,212992,16384,2385,595365362,0,5,4
1039,2025-05-30 19:10:00,\Device\HarddiskVolume3\Windows\System32\svchost.exe [Camera],,,LocalService,S-1-5-19,,6,862,0,0,0,0,0,0,0,6000000000,0,0,327,122912903,0,0,0
1040,2025-05-30 19:10:00,\Device\HarddiskVolume3\Windows\System32\svchost.exe [RPCSS],,,NetworkService,S-1-5-20,,24,249,0,0,0,0,0,0,0,28727500000,642048,180224,355962,101024173928,0,34,44
1041,2025-05-30 19:10:00,\Device\HarddiskVolume3\Windows\System32\svchost.exe [NetworkService],,,NetworkService,S-1-5-20,,24,251,0,0,0,0,0,0,0,111382500000,465977344,35491840,175495,75933226096,16,7791,1961
1042,2025-05-30 19:10:00,\Device\HarddiskVolume3\Windows\System32\svchost.exe [netprofm],,,NetworkService,S-1-5-20,,24,1439,0,0,0,0,0,0,0,28727500000,1097728,53248,52424,8672037080,0,23,13
1043,2025-05-30 19:10:00,\Device\HarddiskVolume3\Windows\System32\wbem\WmiPrvSE.exe,,,NetworkService,S-1-5-20,,24,187,0,0,0,0,0,0,0,29854520000,7984640,528384,63541,12300258158,0,519,129
1044,2025-05-30 19:10:00,\Device\HarddiskVolume3\Windows\System32\sppsvc.exe,,,NetworkService,S-1-5-20,,24,250,0,0,0,0,0,0,0,1800000000,26615808,0,2790,2337913561,0,53,0
1045,2025-05-30 19:10:00,\Device\HarddiskVolume3\Windows\System32\dwm.exe,,,UnknownOrUserSid,S-1-5-90-0-1,,10,253,0,0,0,0,0,0,0,2927340000,1732608,0,35541,22677813368,0,64,0
1046,2025-05-30 19:10:00,Microsoft.Windows.ContentDeliveryManager_10.0.22621.2506_neutral_neutral_cw5n1h2txyewy,,,UnknownOrUserSid,S-1-5-21-3742442691-1288352992-3554343984-1001,,1602,1287,12187136,4870144,146026,47097030996,37,463,623,0,0,0,0,0,0,0,0
1047,2025-05-30 19:10:00,Microsoft.Windows.CloudExperienceHost_10.0.22621.2506_neutral_neutral_cw5n1h2txyewy,,,UnknownOrUserSid,S-1-5-21-3742442691-1288352992-3554343984-1001,,1602,1286,181248,4096,260,111191957,0,7,1,0,0,0,0,0,0,0,0
1048,2025-05-30 19:10:00,MicrosoftWindows.Client.WebExperience_525.10401.30.0_x64__cw5n1h2txyewy,,,UnknownOrUserSid,S-1-5-21-3742442691-1288352992-3554343984-1001,,1602,1826,0,0,579,67201105,0,0,0,12698573459,41872896,25329664,69573,33637122053,341,782,3081
1049,2025-05-30 19:10:00,\Device\HarddiskVolume3\Windows\System32\taskhostw.exe,,,UnknownOrUserSid,S-1-5-21-3742442691-1288352992-3554343984-1001,,1602,189,0,0,0,0,0,0,0,32400160000,2825728,4464640,21477,3466546339,0,75,183
1050,2025-05-30 19:10:00,\Device\HarddiskVolume3\Windows\System32\sihost.exe,,,UnknownOrUserSid,S-1-5-21-3742442691-1288352992-3554343984-1001,,1602,200,0,0,0,0,0,0,0,25800160000,3787776,49152,111139,49045545786,0,67,12
1051,2025-05-30 19:10:00,\Device\HarddiskVolume3\Windows\System32\svchost.exe,,,UnknownOrUserSid,S-1-5-21-3742442691-1288352992-3554343984-1001,,1602,201,0,0,0,0,0,0,0,192602980000,1390253020,307949568,233023,161962918273,84,35967,56852
1052,2025-05-30 19:10:00,\Device\HarddiskVolume3\Windows\System32\DriverStore\FileRepository\cui_dch.inf_amd64_4f43a1c1898e6696\igfxEMN.exe,,,UnknownOrUserSid,S-1-5-21-3742442691-1288352992-3554343984-1001,,1602,1176,0,0,0,0,0,0,0,18600000000,57344,49152,2844,967453198,0,2,6
1053,2025-05-30 19:10:00,\Device\HarddiskVolume3\Windows\System32\conhost.exe,,,UnknownOrUserSid,S-1-5-21-3742442691-1288352992-3554343984-1001,,1602,175,0,0,0,0,0,0,0,35800780000,0,0,1552,187603888,0,0,0
1054,2025-05-30 19:10:00,\Device\HarddiskVolume3\Windows\System32\DriverStore\FileRepository\realtekservice.inf_amd64_a42d9de41f05fa49\RtkAudUService64.exe,,,UnknownOrUserSid,S-1-5-21-3742442691-1288352992-3554343984-1001,,1602,1162,0,0,0,0,0,0,0,25200160000,0,0,3024,540038983,0,0,0
1055,2025-05-30 19:10:00,\Device\HarddiskVolume3\Windows\System32\smartscreen.exe,,,UnknownOrUserSid,S-1-5-21-3742442691-1288352992-3554343984-1001,,1602,208,0,0,0,0,0,0,0,21600000000,901632,36864,2356,2096339472,0,13,9
1056,2025-05-30 19:10:00,\Device\HarddiskVolume3\Windows\System32\DriverStore\FileRepository\seapo64.inf_amd64_deaeb20891c6fa3a\SECOCL64.exe,,,UnknownOrUserSid,S-1-5-21-3742442691-1288352992-3554343984-1001,,1602,1325,0,0,0,0,0,0,0,22200000000,372736,20480,2035,893224494,0,8,5
1057,2025-05-30 19:10:00,\Device\HarddiskVolume3\Windows\explorer.exe,,,UnknownOrUserSid,S-1-5-21-3742442691-1288352992-3554343984-1001,,1602,202,0,0,0,0,0,0,0,25800160000,66351104,10695168,1215013,208608656633,3,2588,1505
1058,2025-05-30 19:10:00,\Device\HarddiskVolume3\Windows\System32\ctfmon.exe,,,UnknownOrUserSid,S-1-5-21-3742442691-1288352992-3554343984-1001,,1602,204,0,0,0,0,0,0,0,24000160000,10992128,921600,41031,5938896693,3,219,159
1059,2025-05-30 19:10:00,\Device\HarddiskVolume3\Windows\System32\dllhost.exe,,,UnknownOrUserSid,S-1-5-21-3742442691-1288352992-3554343984-1001,,1602,190,0,0,0,0,0,0,0,65400320000,1745920,47812608,39139,18736692592,0,75,2218
1060,2025-05-30 19:10:00,Microsoft.AAD.BrokerPlugin_1000.19580.1000.2_neutral_neutral_cw5n1h2txyewy,,,UnknownOrUserSid,S-1-5-21-3742442691-1288352992-3554343984-1001,,1602,1288,7308288,65536,15544,7831861237,21,140,16,0,0,0,0,0,0,0,0
1061,2025-05-30 19:10:00,\Device\HarddiskVolume3\Windows\System32\SearchProtocolHost.exe,,,UnknownOrUserSid,S-1-5-21-3742442691-1288352992-3554343984-1001,,1602,185,0,0,0,0,0,0,0,600000000,180736,0,120,59947060,0,11,0
1062,2025-05-30 19:10:00,\Device\HarddiskVolume3\Windows\System32\oobe\UserOOBEBroker.exe,,,UnknownOrUserSid,S-1-5-21-3742442691-1288352992-3554343984-1001,,1602,1848,0,0,0,0,0,0,0,19000780000,1088000,622592,42940,9854562890,0,54,124
1063,2025-05-30 19:10:00,Microsoft.Windows.StartMenuExperienceHost_10.0.22621.4249_neutral_neutral_cw5n1h2txyewy,,,UnknownOrUserSid,S-1-5-21-3742442691-1288352992-3554343984-1001,,1602,1604,1645056,577536,51927,10320084554,10,112,55,18773424891,44945920,3559424,70643,21258859356,18,1704,845
1064,2025-05-30 19:10:00,MicrosoftWindows.Client.CBS_1000.22700.1081.0_x64__cw5n1h2txyewy,,,UnknownOrUserSid,S-1-5-21-3742442691-1288352992-3554343984-1001,,1602,1605,12462592,593920,42931,7717455968,0,659,143,3905459412,51255296,49803264,61333,28778592147,56,1616,7858
1065,2025-05-30 19:10:00,\Device\HarddiskVolume3\Program Files (x86)\Microsoft\Edge\Application\137.0.3296.52\Installer\setup.exe,,,UnknownOrUserSid,S-1-5-21-3742442691-1288352992-3554343984-1001,,1602,1570,0,0,0,0,0,0,0,1200000000,0,0,271,134391298,0,0,0
1066,2025-05-30 19:10:00,Microsoft.WindowsStore_22504.1401.19.0_x64__8wekyb3d8bbwe,,,UnknownOrUserSid,S-1-5-21-3742442691-1288352992-3554343984-1001,,1602,1619,40331264,1089536,16918,4099613098,3,2159,81,0,0,0,0,0,0,0,0
1067,2025-05-30 19:10:00,AD2F1837.myHP_43.52513.1706.0_x64__v10z8vjag6ke6,,,UnknownOrUserSid,S-1-5-21-3742442691-1288352992-3554343984-1001,,1602,1849,36686336,57344,4995,990140236,1,2173,14,20916903597,25167872,118784,40254,12364165703,0,1249,29
1068,2025-05-30 19:10:00,Microsoft.MicrosoftEdge.Stable_137.0.3296.52_neutral__8wekyb3d8bbwe,,,UnknownOrUserSid,S-1-5-21-3742442691-1288352992-3554343984-1001,,1602,1850,0,0,2,17389,0,0,0,223771952,1859584,4096,5415,1523899748,0,84,1
1069,2025-05-30 19:10:00,\Device\HarddiskVolume3\Windows\System32\LocationNotificationWindows.exe,,,UnknownOrUserSid,S-1-5-21-3742442691-1288352992-3554343984-1001,,1602,1851,0,0,0,0,0,0,0,23400160000,136192,16384,1154,229499829,0,14,4
1070,2025-05-30 19:10:00,\Device\HarddiskVolume3\Program Files\HP\Sure Click\servers\BrConsole.exe,,,UnknownOrUserSid,S-1-5-21-3742442691-1288352992-3554343984-1001,,1602,1852,0,0,0,0,0,0,0,25200160000,34206208,352256,51668,17836761467,0,1069,65
1071,2025-05-30 19:10:00,\Device\HarddiskVolume3\Windows\System32\wbem\unsecapp.exe,,,UnknownOrUserSid,S-1-5-21-3742442691-1288352992-3554343984-1001,,1602,865,0,0,0,0,0,0,0,24600160000,671232,2150400,2604,479223730,0,10,80
1072,2025-05-30 19:10:00,\Device\HarddiskVolume3\Program Files (x86)\Microsoft\Edge\Application\msedge.exe,,,UnknownOrUserSid,S-1-5-21-3742442691-1288352992-3554343984-1001,,1602,1853,0,0,0,0,0,0,0,579603840000,5560920786,1182085120,3423558,1358267779521,2393,163554,159483
1073,2025-05-30 19:10:00,\Device\HarddiskVolume3\Windows\System32\DriverStore\FileRepository\hpcustomcapcomp.inf_amd64_1f7d1981016f7e88\x64\SysInfoCap.exe,,,UnknownOrUserSid,S-1-5-21-3742442691-1288352992-3554343984-1001,,1602,1155,0,0,0,0,0,0,0,42799380000,4481024,7737344,136223,31071413598,78,59,1037
1074,2025-05-30 19:10:00,\Device\HarddiskVolume3\Program Files\HP\Sure Click\servers\BrHostSvr.exe,,,UnknownOrUserSid,S-1-5-21-3742442691-1288352992-3554343984-1001,,1602,1854,0,0,0,0,0,0,0,25200160000,48868864,1966080,31959,10564501335,0,841,157
1075,2025-05-30 19:10:00,\Device\HarddiskVolume3\Windows\System32\cmd.exe,,,UnknownOrUserSid,S-1-5-21-3742442691-1288352992-3554343984-1001,,1602,207,0,0,0,0,0,0,0,11800940000,312832,0,87,45123864,0,11,0
1076,2025-05-30 19:10:00,\Device\HarddiskVolume3\Program Files\HP\Sure Click\servers\BrHostHelper\BrHostHelper.exe,,,UnknownOrUserSid,S-1-5-21-3742442691-1288352992-3554343984-1001,,1602,1855,0,0,0,0,0,0,0,25001100000,1253025792,118587392,61606,127422372943,54,27517,20113
1077,2025-05-30 19:10:00,\Device\HarddiskVolume3\Windows\System32\SecurityHealthSystray.exe,,,UnknownOrUserSid,S-1-5-21-3742442691-1288352992-3554343984-1001,,1602,299,0,0,0,0,0,0,0,19600940000,529920,4096,718,131793261,0,29,1
1078,2025-05-30 19:10:00,\Device\HarddiskVolume3\Windows\System32\OneDriveSetup.exe,,,UnknownOrUserSid,S-1-5-21-3742442691-1288352992-3554343984-1001,,1602,1856,0,0,0,0,0,0,0,1200000000,117330944,207454208,12461,6479803383,15,4854,5836
1079,2025-05-30 19:10:00,Microsoft.DesktopAppInstaller_1.25.390.0_x64__8wekyb3d8bbwe,,,UnknownOrUserSid,S-1-5-21-3742442691-1288352992-3554343984-1001,,1602,1623,0,0,29,292256,0,0,0,245146069,7968256,1605632,74971,50515080860,47,311,391
1080,2025-05-30 19:10:00,\Device\HarddiskVolume3\Windows\System32\msiexec.exe,,,UnknownOrUserSid,S-1-5-21-3742442691-1288352992-3554343984-1001,,1602,872,0,0,0,0,0,0,0,599840000,1946624,8192,289,129940545,0,46,2
1081,2025-05-30 19:10:00,\Device\HarddiskVolume3\Program Files (x86)\HP\HP Notifications\HPNotifications.exe,,,UnknownOrUserSid,S-1-5-21-3742442691-1288352992-3554343984-1001,,1602,1857,0,0,0,0,0,0,0,19601100000,9040384,94208,1631,527236499,0,154,4
1082,2025-05-30 19:10:00,\Device\HarddiskVolume3\Windows\System32\RuntimeBroker.exe,,,UnknownOrUserSid,S-1-5-21-3742442691-1288352992-3554343984-1001,,1602,397,0,0,0,0,0,0,0,24600160000,647168,20480,869,458337449,0,27,5
1083,2025-05-30 19:10:00,\Device\HarddiskVolume3\Users\Ernes\AppData\Local\Microsoft\OneDrive\Update\OneDriveSetup.exe,,,UnknownOrUserSid,S-1-5-21-3742442691-1288352992-3554343984-1001,,1602,1858,0,0,0,0,0,0,0,600000000,135168,217088,653,703070109,7,2,51
1084,2025-05-30 19:10:00,\Device\HarddiskVolume3\Users\Ernes\AppData\Local\Microsoft\OneDrive\OneDrive.exe,,,UnknownOrUserSid,S-1-5-21-3742442691-1288352992-3554343984-1001,,1602,1859,0,0,0,0,0,0,0,24600160000,233485824,25116672,78757,29594157634,310,4030,2300
1085,2025-05-30 19:10:00,\Device\HarddiskVolume3\Users\Ernes\AppData\Local\Microsoft\OneDrive\25.085.0504.0002\FileCoAuth.exe,,,UnknownOrUserSid,S-1-5-21-3742442691-1288352992-3554343984-1001,,1602,1860,0,0,0,0,0,0,0,600000000,415744,32768,274,179929099,0,16,8
1086,2025-05-30 19:10:00,\Device\HarddiskVolume3\Users\Ernes\AppData\Local\Microsoft\OneDrive\25.085.0504.0002\Microsoft.SharePoint.exe,,,UnknownOrUserSid,S-1-5-21-3742442691-1288352992-3554343984-1001,,1602,1861,0,0,0,0,0,0,0,600000000,91653120,229376,2261,770962869,16,1447,56
1087,2025-05-30 19:10:00,Microsoft.WindowsNotepad_11.2501.31.0_x64__8wekyb3d8bbwe,,,UnknownOrUserSid,S-1-5-21-3742442691-1288352992-3554343984-1001,,1602,1825,2920960,20480,1275,699597777,1,130,5,17354717176,39527936,16629760,111166,35822262189,68,1353,1348
1088,2025-05-30 19:10:00,\Device\HarddiskVolume3\Program Files\HP\HP Client Security Manager\HP.ClientSecurityManager.exe,,,UnknownOrUserSid,S-1-5-21-3742442691-1288352992-3554343984-1001,,1602,1862,0,0,0,0,0,0,0,23400160000,201617408,208896,10555,10369089210,0,3473,51
1089,2025-05-30 19:10:00,Microsoft.Windows.ShellExperienceHost_10.0.22621.4974_neutral_neutral_cw5n1h2txyewy,,,UnknownOrUserSid,S-1-5-21-3742442691-1288352992-3554343984-1001,,1602,1863,253952,24576,11528,1770755622,0,10,6,1084100695,15088640,552960,53841,16394429474,1,605,133
1090,2025-05-30 19:10:00,Microsoft.WidgetsPlatformRuntime_1.6.2.0_x64__8wekyb3d8bbwe,,,UnknownOrUserSid,S-1-5-21-3742442691-1288352992-3554343984-1001,,1602,1864,0,0,7,48088,0,0,0,14633205948,690688,114688,7389,4028770602,1,23,28
1091,2025-05-30 19:10:00,\Device\HarddiskVolume3\Windows\System32\DataExchangeHost.exe,,,UnknownOrUserSid,S-1-5-21-3742442691-1288352992-3554343984-1001,,1602,1865,0,0,0,0,0,0,0,600000000,68096,20480,417,189634287,0,3,5
1092,2025-05-30 19:10:00,Microsoft.OneDriveSync_25085.504.2.0_neutral__8wekyb3d8bbwe,,,UnknownOrUserSid,S-1-5-21-3742442691-1288352992-3554343984-1001,,1602,1866,0,0,6,71776,0,0,0,9791418037,3854848,65536,1044,438532426,0,64,16
1093,2025-05-30 19:10:00,RealtekSemiconductorCorp.HPAudioControl_2.51.331.0_x64__dt26b99r8h8gj,,,UnknownOrUserSid,S-1-5-21-3742442691-1288352992-3554343984-1001,,1602,1867,468480,8192,912,552641687,0,30,2,0,0,0,0,0,0,0,0
1094,2025-05-30 19:10:00,\Device\HarddiskVolume3\Program Files\Microsoft Office\root\Office16\SDXHelper.exe,,,UnknownOrUserSid,S-1-5-21-3742442691-1288352992-3554343984-1001,,1602,1868,0,0,0,0,0,0,0,2400160000,154757632,1704558592,541352,127269229345,3161,25256,383136
1095,2025-05-30 19:10:00,NcsiUwpApp_1000.22621.1.0_neutral_neutral_8wekyb3d8bbwe,,,UnknownOrUserSid,S-1-5-21-3742442691-1288352992-3554343984-1001,,1602,1869,0,0,1122,760045698,0,0,0,0,0,0,0,0,0,0,0
1096,2025-05-30 19:10:00,Microsoft.BingWeather_4.54.63007.0_x64__8wekyb3d8bbwe,,,UnknownOrUserSid,S-1-5-21-3742442691-1288352992-3554343984-1001,,1602,1870,12692992,40960,7363,2025295552,1,773,10,0,0,0,0,0,0,0,0
1097,2025-05-30 19:10:00,Microsoft.StorePurchaseApp_22504.1401.3.0_x64__8wekyb3d8bbwe,,,UnknownOrUserSid,S-1-5-21-3742442691-1288352992-3554343984-1001,,1602,1871,8636416,8192,2503,1023265642,0,531,2,0,0,0,0,0,0,0,0
1098,2025-05-30 19:10:00,Microsoft.XboxGameOverlay_1.54.4001.0_x64__8wekyb3d8bbwe,,,UnknownOrUserSid,S-1-5-21-3742442691-1288352992-3554343984-1001,,1602,1872,455168,61440,1371,891335702,0,22,15,0,0,0,0,0,0,0,0
1099,2025-05-30 19:10:00,Microsoft.YourPhone_1.25032.82.0_x64__8wekyb3d8bbwe,,,UnknownOrUserSid,S-1-5-21-3742442691-1288352992-3554343984-1001,,1602,1873,52410368,344064,14007,4217856699,1,2187,84,0,0,0,0,0,0,0,0
1100,2025-05-30 19:10:00,Microsoft.WindowsAlarms_11.2503.4.0_x64__8wekyb3d8bbwe,,,UnknownOrUserSid,S-1-5-21-3742442691-1288352992-3554343984-1001,,1602,1874,4947968,61440,2689,1057364548,0,301,15,0,0,0,0,0,0,0,0
1101,2025-05-30 19:10:00,microsoft.windowscommunicationsapps_16005.14326.22342.0_x64__8wekyb3d8bbwe,,,UnknownOrUserSid,S-1-5-21-3742442691-1288352992-3554343984-1001,,1602,1836,4186112,303104,4277,1544500938,1,205,74,600081268,0,0,64,13930821,0,0,0
1102,2025-05-30 19:10:00,Microsoft.OutlookForWindows_1.2025.516.400_x64__8wekyb3d8bbwe,,,UnknownOrUserSid,S-1-5-21-3742442691-1288352992-3554343984-1001,,1602,1875,1884672,28672,1222,939137096,0,64,7,280659,0,0,61,59958653,0,0,0
1103,2025-05-30 19:10:00,AD2F1837.HPSupportAssistant_9.44.18.0_x64__v10z8vjag6ke6,,,UnknownOrUserSid,S-1-5-21-3742442691-1288352992-3554343984-1001,,1602,1876,17909248,65536,9250,2898291530,1,1015,16,0,0,0,0,0,0,0,0
1104,2025-05-30 19:10:00,\Device\HarddiskVolume3\Program Files (x86)\HP\HP Support Framework\Resources\HPSAAppLauncher.exe,,,UnknownOrUserSid,S-1-5-21-3742442691-1288352992-3554343984-1001,,1602,1877,0,0,0,0,0,0,0,600160000,1080320,0,517,1617594300,0,4,0
1105,2025-05-30 19:10:00,\Device\HarddiskVolume3\Users\Ernes\Downloads\BraveBrowserSetup.exe,,,UnknownOrUserSid,S-1-5-21-3742442691-1288352992-3554343984-1001,,1602,1878,0,0,0,0,0,0,0,600000000,0,638976,9327,2778966571,0,0,53
1106,2025-05-30 19:10:00,\Device\HarddiskVolume3\Users\Ernes\AppData\Local\Temp\GUM46F8.tmp\BraveUpdate.exe,,,UnknownOrUserSid,S-1-5-21-3742442691-1288352992-3554343984-1001,,1602,1879,0,0,0,0,0,0,0,600000000,0,0,1479,535719499,0,0,0
1107,2025-05-30 19:10:00,\Device\HarddiskVolume3\Users\Ernes\AppData\Local\Temp\GUM46F8.tmp\BraveUpdateSetup.exe,,,UnknownOrUserSid,S-1-5-21-3742442691-1288352992-3554343984-1001,,1602,1880,0,0,0,0,0,0,0,600000000,0,0,209,291113088,0,0,0
1108,2025-05-30 19:10:00,\Device\HarddiskVolume3\Windows\SystemTemp\GUM5997.tmp\BraveUpdate.exe,,,UnknownOrUserSid,S-1-5-21-3742442691-1288352992-3554343984-1001,,1602,1881,0,0,0,0,0,0,0,600000000,457216,16248832,148,475819532,0,17,190
1109,2025-05-30 19:10:00,\Device\HarddiskVolume3\Program Files (x86)\BraveSoftware\Update\BraveUpdate.exe,,,UnknownOrUserSid,S-1-5-21-3742442691-1288352992-3554343984-1001,,1602,1845,0,0,0,0,0,0,0,600000000,6341120,49152,771,387775618,0,226,12
1110,2025-05-30 19:10:00,\Device\HarddiskVolume3\Program Files\BraveSoftware\Brave-Browser\Application\brave.exe,,,UnknownOrUserSid,S-1-5-21-3742442691-1288352992-3554343984-1001,,1602,1882,0,0,0,0,0,0,0,69601600000,513874432,419180544,355232,121833694500,380,2072,12834
1111,2025-05-30 19:10:00,Microsoft.LockApp_10.0.22621.4974_neutral__cw5n1h2txyewy,,,UnknownOrUserSid,S-1-5-21-3742442691-1288352992-3554343984-1001,,1602,1428,546816,16384,18627,5258378024,0,20,4,694380537,3914752,5038080,12856,7263730085,16,140,308
1112,2025-05-30 19:10:00,\Device\HarddiskVolume3\Windows\System32\SystemSettingsBroker.exe,,,UnknownOrUserSid,S-1-5-21-3742442691-1288352992-3554343984-1001,,1602,1883,0,0,0,0,0,0,0,9000160000,5795840,8192,5924,1152404476,0,299,2
1113,2025-05-30 19:10:00,\Device\HarddiskVolume3\Users\Ernes\Downloads\VirtualBox-7.1.8-168469-Win.exe,,,UnknownOrUserSid,S-1-5-21-3742442691-1288352992-3554343984-1001,,1602,1884,0,0,0,0,0,0,0,599840000,3979264,125116416,6913,2974708886,0,169,521
1114,2025-05-30 19:10:00,\Device\HarddiskVolume3\Users\Ernes\Downloads\VC_redist.x64.exe,,,UnknownOrUserSid,S-1-5-21-3742442691-1288352992-3554343984-1001,,1602,1885,0,0,0,0,0,0,0,600160000,1643520,700416,107,116252016,0,56,171
1115,2025-05-30 19:10:00,\Device\HarddiskVolume3\Users\Ernes\AppData\Local\Temp\{EB2A1140-1EC1-47A4-B6E3-92462A5B409C}\.cr\VC_redist.x64.exe,,,UnknownOrUserSid,S-1-5-21-3742442691-1288352992-3554343984-1001,,1602,1886,0,0,0,0,0,0,0,600160000,4910592,8617984,3711,1132051822,0,181,515
1116,2025-05-30 19:10:00,\Device\HarddiskVolume3\Users\Ernes\AppData\Local\Temp\{4AB862F3-9B6F-41F6-A2C2-84F4C8E30754}\.be\VC_redist.x64.exe,,,UnknownOrUserSid,S-1-5-21-3742442691-1288352992-3554343984-1001,,1602,1887,0,0,0,0,0,0,0,600160000,8722432,786432,2374,478656538,0,125,27
1117,2025-05-30 19:10:00,\Device\HarddiskVolume3\Windows\System32\dwm.exe,,,UnknownOrUserSid,S-1-5-90-0-2,,1723,253,0,0,0,0,0,0,0,25800160000,1236992,4096,222992,115312320558,0,57,1
1118,2025-05-30 19:10:00,\Device\HarddiskVolume3\Windows\System32\fontdrvhost.exe,,,UnknownOrUserSid,S-1-5-96-0-2,,1728,248,0,0,0,0,0,0,0,18401100000,2165248,16384,10201,780665886,0,66,4
