SourceFile,SourceFileSha1,Reason
C:\Users\Ernes\AppData\Local\Microsoft\OneDrive\logs\ListSync\Business1\telemetry-dll-ramp-value.txt,DBA46477CC52592F6544BCD0D3AE00727CCD3E6B,Deduped
C:\Users\Ernes\AppData\Local\Microsoft\OneDrive\settings\Personal\logUploaderSettings_temp.ini,9D03F0D1130A04A8EC54AB16804FA5CEC2500EA3,Deduped
C:\Windows\System32\winevt\logs\Microsoft-Windows-DeviceManagement-Enterprise-Diagnostics-Provider%4Autopilot.evtx,C70BFFF0A559AF8CB76AD80A504DD55BD6CC484D,Deduped
C:\Windows\System32\winevt\logs\Microsoft-Windows-DeviceManagement-Enterprise-Diagnostics-Provider%4Enrollment.evtx,C70BFFF0A559AF8CB76AD80A504DD55BD6CC484D,Deduped
C:\Windows\System32\winevt\logs\Microsoft-Windows-DeviceManagement-Enterprise-Diagnostics-Provider%4Sync.evtx,C70BFFF0A559AF8CB76AD80A504DD55BD6CC484D,Deduped
C:\Windows\System32\winevt\logs\Microsoft-Windows-ModernDeployment-Diagnostics-Provider%4Admin.evtx,C70BFFF0A559AF8CB76AD80A504DD55BD6CC484D,Deduped
C:\Windows\System32\winevt\logs\Microsoft-Windows-ModernDeployment-Diagnostics-Provider%4Diagnostics.evtx,C70BFFF0A559AF8CB76AD80A504DD55BD6CC484D,Deduped
C:\Windows\System32\winevt\logs\Microsoft-Windows-Provisioning-Diagnostics-Provider%4AutoPilot.evtx,C70BFFF0A559AF8CB76AD80A504DD55BD6CC484D,Deduped
C:\Windows\System32\winevt\logs\Microsoft-Windows-Provisioning-Diagnostics-Provider%4ManagementService.evtx,C70BFFF0A559AF8CB76AD80A504DD55BD6CC484D,Deduped
C:\Windows\System32\winevt\logs\Microsoft-Windows-Security-Mitigations%4UserMode.evtx,C70BFFF0A559AF8CB76AD80A504DD55BD6CC484D,Deduped
C:\Windows\System32\winevt\logs\Parameters.evtx,C70BFFF0A559AF8CB76AD80A504DD55BD6CC484D,Deduped
C:\Windows\System32\winevt\logs\Setup.evtx,C70BFFF0A559AF8CB76AD80A504DD55BD6CC484D,Deduped
C:\Windows\System32\winevt\logs\State.evtx,C70BFFF0A559AF8CB76AD80A504DD55BD6CC484D,Deduped
C:\Users\Ernes\AppData\Roaming\Microsoft\Windows\Recent\AutomaticDestinations\407962ce3d4220f.automaticDestinations-ms,D5AF52E129E15E3A34772806F6C5FBF132E7408E,Deduped
C:\Users\Ernes\AppData\Roaming\Microsoft\Windows\Recent\CustomDestinations\8e4e81d9adc545b8.customDestinations-ms,707C3647EEC303E0801EFDF2D4636B3D409F42B9,Deduped
C:\Users\Ernes\AppData\Roaming\Microsoft\Windows\Start Menu\Programs\Administrative Tools.lnk,EBA94E502F19FBA6DFF07AC10748A7711E2584AE,Deduped
C:\Users\Ernes\AppData\Roaming\Microsoft\Windows\Start Menu\Programs\File Explorer.lnk,5732055EC636A4706C6DA6857CE1C1EBC1BC86E5,Deduped
C:\Users\Default\NTUSER.DAT.LOG2,DA39A3EE5E6B4B0D3255BFEF95601890AFD80709,Deduped
C:\Windows\System32\SRU\SRUres00002.jrs,1ADC95BEBE9EEA8C112D40CD04AB7A8D75C4F961,Deduped
C:\Users\Ernes\AppData\Local\Microsoft\Edge\User Data\Default\Favicons-journal,DA39A3EE5E6B4B0D3255BFEF95601890AFD80709,Deduped
C:\Users\Ernes\AppData\Local\Microsoft\Edge\User Data\Default\Shortcuts-journal,DA39A3EE5E6B4B0D3255BFEF95601890AFD80709,Deduped
C:\Users\Ernes\AppData\Local\Microsoft\Edge\User Data\Default\Top Sites-journal,DA39A3EE5E6B4B0D3255BFEF95601890AFD80709,Deduped
C:\Users\Ernes\AppData\Local\Microsoft\Internet Explorer\CacheStorage\.inUse,DA39A3EE5E6B4B0D3255BFEF95601890AFD80709,Deduped
C:\Users\Ernes\AppData\Local\Microsoft\Internet Explorer\CacheStorage\edbres00002.jrs,6A521E1D2A632C26E53B83D2CC4B0EDECFC1E68C,Deduped
C:\Users\Ernes\AppData\Roaming\Microsoft\Internet Explorer\Quick Launch\desktop.ini,1F593D5DF1C07A7227E5D12925DA97721E1443C4,Deduped
C:\Users\Ernes\AppData\Roaming\Microsoft\Internet Explorer\Quick Launch\Shows Desktop.lnk,50B633A4CA28210CA882467CBC0D717D3283AC75,Deduped
C:\Users\Ernes\AppData\Roaming\Microsoft\Internet Explorer\Quick Launch\Window Switcher.lnk,B118670620D7214224C7ED2DC14EE67D7A49C044,Deduped
C:\Users\Ernes\AppData\Roaming\Microsoft\Internet Explorer\Quick Launch\User Pinned\TaskBar\File Explorer.lnk,5732055EC636A4706C6DA6857CE1C1EBC1BC86E5,Deduped
C:\Users\Ernes\AppData\Local\Microsoft\Windows\History\History.IE5\container.dat,DA39A3EE5E6B4B0D3255BFEF95601890AFD80709,Deduped
C:\Users\Ernes\AppData\Local\Microsoft\Windows\History\History.IE5\MSHist012025053020250531\container.dat,DA39A3EE5E6B4B0D3255BFEF95601890AFD80709,Deduped
C:\Users\Ernes\AppData\Local\Microsoft\Windows\WebCache\V01res00001.jrs,6A521E1D2A632C26E53B83D2CC4B0EDECFC1E68C,Deduped
C:\Users\Ernes\AppData\Local\Microsoft\Windows\WebCache\V01res00002.jrs,6A521E1D2A632C26E53B83D2CC4B0EDECFC1E68C,Deduped
C:\Users\Ernes\AppData\Local\Microsoft\Windows\INetCookies\ESE\container.dat,DA39A3EE5E6B4B0D3255BFEF95601890AFD80709,Deduped
C:\Users\Ernes\AppData\Local\Microsoft\Windows\INetCookies\Low\ESE\container.dat,DA39A3EE5E6B4B0D3255BFEF95601890AFD80709,Deduped
C:\Users\Ernes\AppData\Local\BraveSoftware\Brave-Browser\User Data\Default\Top Sites-journal,DA39A3EE5E6B4B0D3255BFEF95601890AFD80709,Deduped
C:\ProgramData\Microsoft\Diagnosis\parse.dat,DA39A3EE5E6B4B0D3255BFEF95601890AFD80709,Deduped
C:\ProgramData\Microsoft\MF\Pending.GRL,50987906817AAB51E2CC29FBCE47AC5F0936A44E,Deduped
C:\ProgramData\Microsoft\Office\ClickToRunPackageLocker,DA39A3EE5E6B4B0D3255BFEF95601890AFD80709,Deduped
C:\ProgramData\Microsoft\User Account Pictures\defaultuser0.dat,DA39A3EE5E6B4B0D3255BFEF95601890AFD80709,Deduped
C:\ProgramData\Microsoft\User Account Pictures\defaultuser100000.dat,DA39A3EE5E6B4B0D3255BFEF95601890AFD80709,Deduped
C:\ProgramData\Microsoft\User Account Pictures\defaultuser100001.dat,DA39A3EE5E6B4B0D3255BFEF95601890AFD80709,Deduped
C:\ProgramData\Microsoft\User Account Pictures\Ernes.dat,DA39A3EE5E6B4B0D3255BFEF95601890AFD80709,Deduped
C:\ProgramData\Microsoft\User Account Pictures\user.bmp,47A7C33EAD03CC0C3F0B0DF6417D0039E3D36F5B,Deduped
C:\ProgramData\Microsoft\User Account Pictures\user.png,ADEF6F9CDE749BE315BA8044549C0701D7EC0FB6,Deduped
C:\ProgramData\Microsoft\Diagnosis\DownloadedSettings\telemetry.ASM-WindowsDefault.json.bk,4BC02F8C2E21105E5A108CC5C498A60CA8B946B6,Deduped
C:\ProgramData\Microsoft\Diagnosis\DownloadedSettings\utc.aggregators.json.bk,CAB49222B86187999008B42F76EB3BB97F237D43,Deduped
C:\ProgramData\Microsoft\Diagnosis\DownloadedSettings\utc.allow.json.bk,B254094768251336587EB46505C8AC5DA6F6A688,Deduped
C:\ProgramData\Microsoft\Diagnosis\DownloadedSettings\utc.app.json.bk,FAA3017C6D58E6FA4B2E826B3CDAEF461D0BA810,Deduped
"C:\ProgramData\Microsoft\NetFramework\BreadcrumbStore\netcore,Clipper2",DA39A3EE5E6B4B0D3255BFEF95601890AFD80709,Deduped
"C:\ProgramData\Microsoft\NetFramework\BreadcrumbStore\netcore,Clipper2,1.2.3",DA39A3EE5E6B4B0D3255BFEF95601890AFD80709,Deduped
"C:\ProgramData\Microsoft\NetFramework\BreadcrumbStore\netcore,Google.Protobuf",DA39A3EE5E6B4B0D3255BFEF95601890AFD80709,Deduped
"C:\ProgramData\Microsoft\NetFramework\BreadcrumbStore\netcore,Google.Protobuf,3.28.2",DA39A3EE5E6B4B0D3255BFEF95601890AFD80709,Deduped
"C:\ProgramData\Microsoft\NetFramework\BreadcrumbStore\netcore,HtmlAgilityPack",DA39A3EE5E6B4B0D3255BFEF95601890AFD80709,Deduped
"C:\ProgramData\Microsoft\NetFramework\BreadcrumbStore\netcore,HtmlAgilityPack,1.11.59",DA39A3EE5E6B4B0D3255BFEF95601890AFD80709,Deduped
"C:\ProgramData\Microsoft\NetFramework\BreadcrumbStore\netcore,MessagePack",DA39A3EE5E6B4B0D3255BFEF95601890AFD80709,Deduped
"C:\ProgramData\Microsoft\NetFramework\BreadcrumbStore\netcore,MessagePack,2.6.100-alpha",DA39A3EE5E6B4B0D3255BFEF95601890AFD80709,Deduped
"C:\ProgramData\Microsoft\NetFramework\BreadcrumbStore\netcore,MessagePack.Annotations",DA39A3EE5E6B4B0D3255BFEF95601890AFD80709,Deduped
"C:\ProgramData\Microsoft\NetFramework\BreadcrumbStore\netcore,MessagePack.Annotations,2.6.100-alpha",DA39A3EE5E6B4B0D3255BFEF95601890AFD80709,Deduped
"C:\ProgramData\Microsoft\NetFramework\BreadcrumbStore\netcore,Microsoft.AspNetCore.Connections.Abstractions",DA39A3EE5E6B4B0D3255BFEF95601890AFD80709,Deduped
"C:\ProgramData\Microsoft\NetFramework\BreadcrumbStore\netcore,Microsoft.AspNetCore.Connections.Abstractions,9.0.0",DA39A3EE5E6B4B0D3255BFEF95601890AFD80709,Deduped
"C:\ProgramData\Microsoft\NetFramework\BreadcrumbStore\netcore,Microsoft.AspNetCore.Http.Connections.Client",DA39A3EE5E6B4B0D3255BFEF95601890AFD80709,Deduped
"C:\ProgramData\Microsoft\NetFramework\BreadcrumbStore\netcore,Microsoft.AspNetCore.Http.Connections.Client,9.0.0",DA39A3EE5E6B4B0D3255BFEF95601890AFD80709,Deduped
"C:\ProgramData\Microsoft\NetFramework\BreadcrumbStore\netcore,Microsoft.AspNetCore.Http.Connections.Common",DA39A3EE5E6B4B0D3255BFEF95601890AFD80709,Deduped
"C:\ProgramData\Microsoft\NetFramework\BreadcrumbStore\netcore,Microsoft.AspNetCore.Http.Connections.Common,9.0.0",DA39A3EE5E6B4B0D3255BFEF95601890AFD80709,Deduped
"C:\ProgramData\Microsoft\NetFramework\BreadcrumbStore\netcore,Microsoft.AspNetCore.SignalR.Client",DA39A3EE5E6B4B0D3255BFEF95601890AFD80709,Deduped
"C:\ProgramData\Microsoft\NetFramework\BreadcrumbStore\netcore,Microsoft.AspNetCore.SignalR.Client,9.0.0",DA39A3EE5E6B4B0D3255BFEF95601890AFD80709,Deduped
"C:\ProgramData\Microsoft\NetFramework\BreadcrumbStore\netcore,Microsoft.AspNetCore.SignalR.Client.Core",DA39A3EE5E6B4B0D3255BFEF95601890AFD80709,Deduped
"C:\ProgramData\Microsoft\NetFramework\BreadcrumbStore\netcore,Microsoft.AspNetCore.SignalR.Client.Core,9.0.0",DA39A3EE5E6B4B0D3255BFEF95601890AFD80709,Deduped
"C:\ProgramData\Microsoft\NetFramework\BreadcrumbStore\netcore,Microsoft.AspNetCore.SignalR.Common",DA39A3EE5E6B4B0D3255BFEF95601890AFD80709,Deduped
"C:\ProgramData\Microsoft\NetFramework\BreadcrumbStore\netcore,Microsoft.AspNetCore.SignalR.Common,9.0.0",DA39A3EE5E6B4B0D3255BFEF95601890AFD80709,Deduped
"C:\ProgramData\Microsoft\NetFramework\BreadcrumbStore\netcore,Microsoft.AspNetCore.SignalR.Protocols.Json",DA39A3EE5E6B4B0D3255BFEF95601890AFD80709,Deduped
"C:\ProgramData\Microsoft\NetFramework\BreadcrumbStore\netcore,Microsoft.AspNetCore.SignalR.Protocols.Json,9.0.0",DA39A3EE5E6B4B0D3255BFEF95601890AFD80709,Deduped
"C:\ProgramData\Microsoft\NetFramework\BreadcrumbStore\netcore,Microsoft.AspNetCore.SignalR.Protocols.MessagePack",DA39A3EE5E6B4B0D3255BFEF95601890AFD80709,Deduped
"C:\ProgramData\Microsoft\NetFramework\BreadcrumbStore\netcore,Microsoft.AspNetCore.SignalR.Protocols.MessagePack,9.0.0",DA39A3EE5E6B4B0D3255BFEF95601890AFD80709,Deduped
"C:\ProgramData\Microsoft\NetFramework\BreadcrumbStore\netcore,Microsoft.Bcl.TimeProvider",DA39A3EE5E6B4B0D3255BFEF95601890AFD80709,Deduped
"C:\ProgramData\Microsoft\NetFramework\BreadcrumbStore\netcore,Microsoft.Bcl.TimeProvider,8.0.1",DA39A3EE5E6B4B0D3255BFEF95601890AFD80709,Deduped
"C:\ProgramData\Microsoft\NetFramework\BreadcrumbStore\netcore,Microsoft.Data.Sqlite.Core",DA39A3EE5E6B4B0D3255BFEF95601890AFD80709,Deduped
"C:\ProgramData\Microsoft\NetFramework\BreadcrumbStore\netcore,Microsoft.Data.Sqlite.Core,9.0.0",DA39A3EE5E6B4B0D3255BFEF95601890AFD80709,Deduped
"C:\ProgramData\Microsoft\NetFramework\BreadcrumbStore\netcore,Microsoft.Extensions.Caching.Abstractions",DA39A3EE5E6B4B0D3255BFEF95601890AFD80709,Deduped
"C:\ProgramData\Microsoft\NetFramework\BreadcrumbStore\netcore,Microsoft.Extensions.Caching.Abstractions,9.0.0",DA39A3EE5E6B4B0D3255BFEF95601890AFD80709,Deduped
"C:\ProgramData\Microsoft\NetFramework\BreadcrumbStore\netcore,Microsoft.Extensions.Caching.Memory",DA39A3EE5E6B4B0D3255BFEF95601890AFD80709,Deduped
"C:\ProgramData\Microsoft\NetFramework\BreadcrumbStore\netcore,Microsoft.Extensions.Caching.Memory,9.0.0",DA39A3EE5E6B4B0D3255BFEF95601890AFD80709,Deduped
"C:\ProgramData\Microsoft\NetFramework\BreadcrumbStore\netcore,Microsoft.Extensions.Configuration",DA39A3EE5E6B4B0D3255BFEF95601890AFD80709,Deduped
"C:\ProgramData\Microsoft\NetFramework\BreadcrumbStore\netcore,Microsoft.Extensions.Configuration,9.0.0",DA39A3EE5E6B4B0D3255BFEF95601890AFD80709,Deduped
"C:\ProgramData\Microsoft\NetFramework\BreadcrumbStore\netcore,Microsoft.Extensions.Configuration.Abstractions",DA39A3EE5E6B4B0D3255BFEF95601890AFD80709,Deduped
"C:\ProgramData\Microsoft\NetFramework\BreadcrumbStore\netcore,Microsoft.Extensions.Configuration.Abstractions,9.0.0",DA39A3EE5E6B4B0D3255BFEF95601890AFD80709,Deduped
"C:\ProgramData\Microsoft\NetFramework\BreadcrumbStore\netcore,Microsoft.Extensions.Configuration.Binder",DA39A3EE5E6B4B0D3255BFEF95601890AFD80709,Deduped
"C:\ProgramData\Microsoft\NetFramework\BreadcrumbStore\netcore,Microsoft.Extensions.Configuration.Binder,9.0.0",DA39A3EE5E6B4B0D3255BFEF95601890AFD80709,Deduped
"C:\ProgramData\Microsoft\NetFramework\BreadcrumbStore\netcore,Microsoft.Extensions.Configuration.CommandLine",DA39A3EE5E6B4B0D3255BFEF95601890AFD80709,Deduped
"C:\ProgramData\Microsoft\NetFramework\BreadcrumbStore\netcore,Microsoft.Extensions.Configuration.CommandLine,9.0.0",DA39A3EE5E6B4B0D3255BFEF95601890AFD80709,Deduped
"C:\ProgramData\Microsoft\NetFramework\BreadcrumbStore\netcore,Microsoft.Extensions.Configuration.EnvironmentVariables",DA39A3EE5E6B4B0D3255BFEF95601890AFD80709,Deduped
"C:\ProgramData\Microsoft\NetFramework\BreadcrumbStore\netcore,Microsoft.Extensions.Configuration.EnvironmentVariables,9.0.0",DA39A3EE5E6B4B0D3255BFEF95601890AFD80709,Deduped
"C:\ProgramData\Microsoft\NetFramework\BreadcrumbStore\netcore,Microsoft.Extensions.Configuration.FileExtensions",DA39A3EE5E6B4B0D3255BFEF95601890AFD80709,Deduped
"C:\ProgramData\Microsoft\NetFramework\BreadcrumbStore\netcore,Microsoft.Extensions.Configuration.FileExtensions,9.0.0",DA39A3EE5E6B4B0D3255BFEF95601890AFD80709,Deduped
"C:\ProgramData\Microsoft\NetFramework\BreadcrumbStore\netcore,Microsoft.Extensions.Configuration.Json",DA39A3EE5E6B4B0D3255BFEF95601890AFD80709,Deduped
"C:\ProgramData\Microsoft\NetFramework\BreadcrumbStore\netcore,Microsoft.Extensions.Configuration.Json,9.0.0",DA39A3EE5E6B4B0D3255BFEF95601890AFD80709,Deduped
"C:\ProgramData\Microsoft\NetFramework\BreadcrumbStore\netcore,Microsoft.Extensions.Configuration.UserSecrets",DA39A3EE5E6B4B0D3255BFEF95601890AFD80709,Deduped
"C:\ProgramData\Microsoft\NetFramework\BreadcrumbStore\netcore,Microsoft.Extensions.Configuration.UserSecrets,9.0.0",DA39A3EE5E6B4B0D3255BFEF95601890AFD80709,Deduped
"C:\ProgramData\Microsoft\NetFramework\BreadcrumbStore\netcore,Microsoft.Extensions.DependencyInjection",DA39A3EE5E6B4B0D3255BFEF95601890AFD80709,Deduped
"C:\ProgramData\Microsoft\NetFramework\BreadcrumbStore\netcore,Microsoft.Extensions.DependencyInjection,9.0.0",DA39A3EE5E6B4B0D3255BFEF95601890AFD80709,Deduped
"C:\ProgramData\Microsoft\NetFramework\BreadcrumbStore\netcore,Microsoft.Extensions.DependencyInjection.Abstractions",DA39A3EE5E6B4B0D3255BFEF95601890AFD80709,Deduped
"C:\ProgramData\Microsoft\NetFramework\BreadcrumbStore\netcore,Microsoft.Extensions.DependencyInjection.Abstractions,9.0.0",DA39A3EE5E6B4B0D3255BFEF95601890AFD80709,Deduped
"C:\ProgramData\Microsoft\NetFramework\BreadcrumbStore\netcore,Microsoft.Extensions.Diagnostics",DA39A3EE5E6B4B0D3255BFEF95601890AFD80709,Deduped
"C:\ProgramData\Microsoft\NetFramework\BreadcrumbStore\netcore,Microsoft.Extensions.Diagnostics,9.0.0",DA39A3EE5E6B4B0D3255BFEF95601890AFD80709,Deduped
"C:\ProgramData\Microsoft\NetFramework\BreadcrumbStore\netcore,Microsoft.Extensions.Diagnostics.Abstractions",DA39A3EE5E6B4B0D3255BFEF95601890AFD80709,Deduped
"C:\ProgramData\Microsoft\NetFramework\BreadcrumbStore\netcore,Microsoft.Extensions.Diagnostics.Abstractions,9.0.0",DA39A3EE5E6B4B0D3255BFEF95601890AFD80709,Deduped
"C:\ProgramData\Microsoft\NetFramework\BreadcrumbStore\netcore,Microsoft.Extensions.Features",DA39A3EE5E6B4B0D3255BFEF95601890AFD80709,Deduped
"C:\ProgramData\Microsoft\NetFramework\BreadcrumbStore\netcore,Microsoft.Extensions.Features,9.0.0",DA39A3EE5E6B4B0D3255BFEF95601890AFD80709,Deduped
"C:\ProgramData\Microsoft\NetFramework\BreadcrumbStore\netcore,Microsoft.Extensions.FileProviders.Abstractions",DA39A3EE5E6B4B0D3255BFEF95601890AFD80709,Deduped
"C:\ProgramData\Microsoft\NetFramework\BreadcrumbStore\netcore,Microsoft.Extensions.FileProviders.Abstractions,9.0.0",DA39A3EE5E6B4B0D3255BFEF95601890AFD80709,Deduped
"C:\ProgramData\Microsoft\NetFramework\BreadcrumbStore\netcore,Microsoft.Extensions.FileProviders.Physical",DA39A3EE5E6B4B0D3255BFEF95601890AFD80709,Deduped
"C:\ProgramData\Microsoft\NetFramework\BreadcrumbStore\netcore,Microsoft.Extensions.FileProviders.Physical,9.0.0",DA39A3EE5E6B4B0D3255BFEF95601890AFD80709,Deduped
"C:\ProgramData\Microsoft\NetFramework\BreadcrumbStore\netcore,Microsoft.Extensions.FileSystemGlobbing",DA39A3EE5E6B4B0D3255BFEF95601890AFD80709,Deduped
"C:\ProgramData\Microsoft\NetFramework\BreadcrumbStore\netcore,Microsoft.Extensions.FileSystemGlobbing,9.0.0",DA39A3EE5E6B4B0D3255BFEF95601890AFD80709,Deduped
"C:\ProgramData\Microsoft\NetFramework\BreadcrumbStore\netcore,Microsoft.Extensions.Hosting",DA39A3EE5E6B4B0D3255BFEF95601890AFD80709,Deduped
"C:\ProgramData\Microsoft\NetFramework\BreadcrumbStore\netcore,Microsoft.Extensions.Hosting,9.0.0",DA39A3EE5E6B4B0D3255BFEF95601890AFD80709,Deduped
"C:\ProgramData\Microsoft\NetFramework\BreadcrumbStore\netcore,Microsoft.Extensions.Hosting.Abstractions",DA39A3EE5E6B4B0D3255BFEF95601890AFD80709,Deduped
"C:\ProgramData\Microsoft\NetFramework\BreadcrumbStore\netcore,Microsoft.Extensions.Hosting.Abstractions,9.0.0",DA39A3EE5E6B4B0D3255BFEF95601890AFD80709,Deduped
"C:\ProgramData\Microsoft\NetFramework\BreadcrumbStore\netcore,Microsoft.Extensions.Http",DA39A3EE5E6B4B0D3255BFEF95601890AFD80709,Deduped
"C:\ProgramData\Microsoft\NetFramework\BreadcrumbStore\netcore,Microsoft.Extensions.Http,9.0.0",DA39A3EE5E6B4B0D3255BFEF95601890AFD80709,Deduped
"C:\ProgramData\Microsoft\NetFramework\BreadcrumbStore\netcore,Microsoft.Extensions.Http.Polly",DA39A3EE5E6B4B0D3255BFEF95601890AFD80709,Deduped
"C:\ProgramData\Microsoft\NetFramework\BreadcrumbStore\netcore,Microsoft.Extensions.Http.Polly,9.0.0",DA39A3EE5E6B4B0D3255BFEF95601890AFD80709,Deduped
"C:\ProgramData\Microsoft\NetFramework\BreadcrumbStore\netcore,Microsoft.Extensions.Logging",DA39A3EE5E6B4B0D3255BFEF95601890AFD80709,Deduped
"C:\ProgramData\Microsoft\NetFramework\BreadcrumbStore\netcore,Microsoft.Extensions.Logging,9.0.0",DA39A3EE5E6B4B0D3255BFEF95601890AFD80709,Deduped
"C:\ProgramData\Microsoft\NetFramework\BreadcrumbStore\netcore,Microsoft.Extensions.Logging.Abstractions",DA39A3EE5E6B4B0D3255BFEF95601890AFD80709,Deduped
"C:\ProgramData\Microsoft\NetFramework\BreadcrumbStore\netcore,Microsoft.Extensions.Logging.Abstractions,9.0.0",DA39A3EE5E6B4B0D3255BFEF95601890AFD80709,Deduped
"C:\ProgramData\Microsoft\NetFramework\BreadcrumbStore\netcore,Microsoft.Extensions.Logging.Configuration",DA39A3EE5E6B4B0D3255BFEF95601890AFD80709,Deduped
"C:\ProgramData\Microsoft\NetFramework\BreadcrumbStore\netcore,Microsoft.Extensions.Logging.Configuration,9.0.0",DA39A3EE5E6B4B0D3255BFEF95601890AFD80709,Deduped
"C:\ProgramData\Microsoft\NetFramework\BreadcrumbStore\netcore,Microsoft.Extensions.Logging.Console",DA39A3EE5E6B4B0D3255BFEF95601890AFD80709,Deduped
"C:\ProgramData\Microsoft\NetFramework\BreadcrumbStore\netcore,Microsoft.Extensions.Logging.Console,9.0.0",DA39A3EE5E6B4B0D3255BFEF95601890AFD80709,Deduped
"C:\ProgramData\Microsoft\NetFramework\BreadcrumbStore\netcore,Microsoft.Extensions.Logging.Debug",DA39A3EE5E6B4B0D3255BFEF95601890AFD80709,Deduped
"C:\ProgramData\Microsoft\NetFramework\BreadcrumbStore\netcore,Microsoft.Extensions.Logging.Debug,9.0.0",DA39A3EE5E6B4B0D3255BFEF95601890AFD80709,Deduped
"C:\ProgramData\Microsoft\NetFramework\BreadcrumbStore\netcore,Microsoft.Extensions.Logging.EventLog",DA39A3EE5E6B4B0D3255BFEF95601890AFD80709,Deduped
"C:\ProgramData\Microsoft\NetFramework\BreadcrumbStore\netcore,Microsoft.Extensions.Logging.EventLog,9.0.0",DA39A3EE5E6B4B0D3255BFEF95601890AFD80709,Deduped
"C:\ProgramData\Microsoft\NetFramework\BreadcrumbStore\netcore,Microsoft.Extensions.Logging.EventSource",DA39A3EE5E6B4B0D3255BFEF95601890AFD80709,Deduped
"C:\ProgramData\Microsoft\NetFramework\BreadcrumbStore\netcore,Microsoft.Extensions.Logging.EventSource,9.0.0",DA39A3EE5E6B4B0D3255BFEF95601890AFD80709,Deduped
"C:\ProgramData\Microsoft\NetFramework\BreadcrumbStore\netcore,Microsoft.Extensions.Options",DA39A3EE5E6B4B0D3255BFEF95601890AFD80709,Deduped
"C:\ProgramData\Microsoft\NetFramework\BreadcrumbStore\netcore,Microsoft.Extensions.Options,9.0.0",DA39A3EE5E6B4B0D3255BFEF95601890AFD80709,Deduped
"C:\ProgramData\Microsoft\NetFramework\BreadcrumbStore\netcore,Microsoft.Extensions.Options.ConfigurationExtensions",DA39A3EE5E6B4B0D3255BFEF95601890AFD80709,Deduped
"C:\ProgramData\Microsoft\NetFramework\BreadcrumbStore\netcore,Microsoft.Extensions.Options.ConfigurationExtensions,9.0.0",DA39A3EE5E6B4B0D3255BFEF95601890AFD80709,Deduped
"C:\ProgramData\Microsoft\NetFramework\BreadcrumbStore\netcore,Microsoft.Extensions.Primitives",DA39A3EE5E6B4B0D3255BFEF95601890AFD80709,Deduped
"C:\ProgramData\Microsoft\NetFramework\BreadcrumbStore\netcore,Microsoft.Extensions.Primitives,9.0.0",DA39A3EE5E6B4B0D3255BFEF95601890AFD80709,Deduped
"C:\ProgramData\Microsoft\NetFramework\BreadcrumbStore\netcore,Microsoft.Graphics.Win2D",DA39A3EE5E6B4B0D3255BFEF95601890AFD80709,Deduped
"C:\ProgramData\Microsoft\NetFramework\BreadcrumbStore\netcore,Microsoft.Graphics.Win2D,1.3.1",DA39A3EE5E6B4B0D3255BFEF95601890AFD80709,Deduped
"C:\ProgramData\Microsoft\NetFramework\BreadcrumbStore\netcore,Microsoft.IdentityModel.Abstractions",DA39A3EE5E6B4B0D3255BFEF95601890AFD80709,Deduped
"C:\ProgramData\Microsoft\NetFramework\BreadcrumbStore\netcore,Microsoft.IdentityModel.Abstractions,8.2.0",DA39A3EE5E6B4B0D3255BFEF95601890AFD80709,Deduped
"C:\ProgramData\Microsoft\NetFramework\BreadcrumbStore\netcore,Microsoft.IdentityModel.JsonWebTokens",DA39A3EE5E6B4B0D3255BFEF95601890AFD80709,Deduped
"C:\ProgramData\Microsoft\NetFramework\BreadcrumbStore\netcore,Microsoft.IdentityModel.JsonWebTokens,8.2.0",DA39A3EE5E6B4B0D3255BFEF95601890AFD80709,Deduped
"C:\ProgramData\Microsoft\NetFramework\BreadcrumbStore\netcore,Microsoft.IdentityModel.Logging",DA39A3EE5E6B4B0D3255BFEF95601890AFD80709,Deduped
"C:\ProgramData\Microsoft\NetFramework\BreadcrumbStore\netcore,Microsoft.IdentityModel.Logging,8.2.0",DA39A3EE5E6B4B0D3255BFEF95601890AFD80709,Deduped
"C:\ProgramData\Microsoft\NetFramework\BreadcrumbStore\netcore,Microsoft.IdentityModel.Tokens",DA39A3EE5E6B4B0D3255BFEF95601890AFD80709,Deduped
"C:\ProgramData\Microsoft\NetFramework\BreadcrumbStore\netcore,Microsoft.IdentityModel.Tokens,8.2.0",DA39A3EE5E6B4B0D3255BFEF95601890AFD80709,Deduped
"C:\ProgramData\Microsoft\NetFramework\BreadcrumbStore\netcore,Microsoft.Internal.Bluetooth.Map",DA39A3EE5E6B4B0D3255BFEF95601890AFD80709,Deduped
"C:\ProgramData\Microsoft\NetFramework\BreadcrumbStore\netcore,Microsoft.Internal.Bluetooth.Map,0.25022.1",DA39A3EE5E6B4B0D3255BFEF95601890AFD80709,Deduped
"C:\ProgramData\Microsoft\NetFramework\BreadcrumbStore\netcore,Microsoft.Internal.Bluetooth.Map.BMessage",DA39A3EE5E6B4B0D3255BFEF95601890AFD80709,Deduped
"C:\ProgramData\Microsoft\NetFramework\BreadcrumbStore\netcore,Microsoft.Internal.Bluetooth.Map.BMessage,0.25022.1",DA39A3EE5E6B4B0D3255BFEF95601890AFD80709,Deduped
"C:\ProgramData\Microsoft\NetFramework\BreadcrumbStore\netcore,Microsoft.Internal.Bluetooth.Pal",DA39A3EE5E6B4B0D3255BFEF95601890AFD80709,Deduped
"C:\ProgramData\Microsoft\NetFramework\BreadcrumbStore\netcore,Microsoft.Internal.Bluetooth.Pal,0.25022.1",DA39A3EE5E6B4B0D3255BFEF95601890AFD80709,Deduped
"C:\ProgramData\Microsoft\NetFramework\BreadcrumbStore\netcore,Microsoft.Internal.Bluetooth.Pbap",DA39A3EE5E6B4B0D3255BFEF95601890AFD80709,Deduped
"C:\ProgramData\Microsoft\NetFramework\BreadcrumbStore\netcore,Microsoft.Internal.Bluetooth.Pbap,0.25022.1",DA39A3EE5E6B4B0D3255BFEF95601890AFD80709,Deduped
"C:\ProgramData\Microsoft\NetFramework\BreadcrumbStore\netcore,Microsoft.Internal.Bluetooth.Profiles",DA39A3EE5E6B4B0D3255BFEF95601890AFD80709,Deduped
"C:\ProgramData\Microsoft\NetFramework\BreadcrumbStore\netcore,Microsoft.Internal.Bluetooth.Profiles,0.25022.1",DA39A3EE5E6B4B0D3255BFEF95601890AFD80709,Deduped
"C:\ProgramData\Microsoft\NetFramework\BreadcrumbStore\netcore,Microsoft.Internal.Diagnostics",DA39A3EE5E6B4B0D3255BFEF95601890AFD80709,Deduped
"C:\ProgramData\Microsoft\NetFramework\BreadcrumbStore\netcore,Microsoft.Internal.Diagnostics,0.25022.1",DA39A3EE5E6B4B0D3255BFEF95601890AFD80709,Deduped
"C:\ProgramData\Microsoft\NetFramework\BreadcrumbStore\netcore,Microsoft.Internal.Obex",DA39A3EE5E6B4B0D3255BFEF95601890AFD80709,Deduped
"C:\ProgramData\Microsoft\NetFramework\BreadcrumbStore\netcore,Microsoft.Internal.Obex,0.25022.1",DA39A3EE5E6B4B0D3255BFEF95601890AFD80709,Deduped
"C:\ProgramData\Microsoft\NetFramework\BreadcrumbStore\netcore,Microsoft.Internal.YourPhone.LibNanoApi.Managed",DA39A3EE5E6B4B0D3255BFEF95601890AFD80709,Deduped
"C:\ProgramData\Microsoft\NetFramework\BreadcrumbStore\netcore,Microsoft.Internal.YourPhone.LibNanoApi.Managed,1.25021.8",DA39A3EE5E6B4B0D3255BFEF95601890AFD80709,Deduped
"C:\ProgramData\Microsoft\NetFramework\BreadcrumbStore\netcore,Microsoft.Internal.YourPhone.Vcard",DA39A3EE5E6B4B0D3255BFEF95601890AFD80709,Deduped
"C:\ProgramData\Microsoft\NetFramework\BreadcrumbStore\netcore,Microsoft.Internal.YourPhone.Vcard,0.22092.18",DA39A3EE5E6B4B0D3255BFEF95601890AFD80709,Deduped
"C:\ProgramData\Microsoft\NetFramework\BreadcrumbStore\netcore,Microsoft.NET.StringTools",DA39A3EE5E6B4B0D3255BFEF95601890AFD80709,Deduped
"C:\ProgramData\Microsoft\NetFramework\BreadcrumbStore\netcore,Microsoft.NET.StringTools,17.4.0",DA39A3EE5E6B4B0D3255BFEF95601890AFD80709,Deduped
"C:\ProgramData\Microsoft\NetFramework\BreadcrumbStore\netcore,Microsoft.Rest.ClientRuntime",DA39A3EE5E6B4B0D3255BFEF95601890AFD80709,Deduped
"C:\ProgramData\Microsoft\NetFramework\BreadcrumbStore\netcore,Microsoft.Rest.ClientRuntime,2.3.24",DA39A3EE5E6B4B0D3255BFEF95601890AFD80709,Deduped
"C:\ProgramData\Microsoft\NetFramework\BreadcrumbStore\netcore,Microsoft.Toolkit.Uwp.Notifications",DA39A3EE5E6B4B0D3255BFEF95601890AFD80709,Deduped
"C:\ProgramData\Microsoft\NetFramework\BreadcrumbStore\netcore,Microsoft.Toolkit.Uwp.Notifications,7.1.3",DA39A3EE5E6B4B0D3255BFEF95601890AFD80709,Deduped
"C:\ProgramData\Microsoft\NetFramework\BreadcrumbStore\netcore,Microsoft.Windows.Apps.TraceLogging",DA39A3EE5E6B4B0D3255BFEF95601890AFD80709,Deduped
"C:\ProgramData\Microsoft\NetFramework\BreadcrumbStore\netcore,Microsoft.Windows.Apps.TraceLogging,1.0.8",DA39A3EE5E6B4B0D3255BFEF95601890AFD80709,Deduped
"C:\ProgramData\Microsoft\NetFramework\BreadcrumbStore\netcore,Microsoft.Windows.UndockedDevKit",DA39A3EE5E6B4B0D3255BFEF95601890AFD80709,Deduped
"C:\ProgramData\Microsoft\NetFramework\BreadcrumbStore\netcore,Microsoft.Windows.UndockedDevKit,10.0.23660.1002-ni-current-directshell-dev1",DA39A3EE5E6B4B0D3255BFEF95601890AFD80709,Deduped
"C:\ProgramData\Microsoft\NetFramework\BreadcrumbStore\netcore,Microsoft.WindowsAppSDK",DA39A3EE5E6B4B0D3255BFEF95601890AFD80709,Deduped
"C:\ProgramData\Microsoft\NetFramework\BreadcrumbStore\netcore,Microsoft.WindowsAppSDK,1.6.250205002",DA39A3EE5E6B4B0D3255BFEF95601890AFD80709,Deduped
"C:\ProgramData\Microsoft\NetFramework\BreadcrumbStore\netcore,Microsoft.Xaml.Behaviors.Wpf",DA39A3EE5E6B4B0D3255BFEF95601890AFD80709,Deduped
"C:\ProgramData\Microsoft\NetFramework\BreadcrumbStore\netcore,Microsoft.Xaml.Behaviors.Wpf,1.1.39",DA39A3EE5E6B4B0D3255BFEF95601890AFD80709,Deduped
"C:\ProgramData\Microsoft\NetFramework\BreadcrumbStore\netcore,Newtonsoft.Json",DA39A3EE5E6B4B0D3255BFEF95601890AFD80709,Deduped
"C:\ProgramData\Microsoft\NetFramework\BreadcrumbStore\netcore,Newtonsoft.Json,13.0.1",DA39A3EE5E6B4B0D3255BFEF95601890AFD80709,Deduped
"C:\ProgramData\Microsoft\NetFramework\BreadcrumbStore\netcore,Polly",DA39A3EE5E6B4B0D3255BFEF95601890AFD80709,Deduped
"C:\ProgramData\Microsoft\NetFramework\BreadcrumbStore\netcore,Polly,8.5.0",DA39A3EE5E6B4B0D3255BFEF95601890AFD80709,Deduped
"C:\ProgramData\Microsoft\NetFramework\BreadcrumbStore\netcore,Polly.Core",DA39A3EE5E6B4B0D3255BFEF95601890AFD80709,Deduped
"C:\ProgramData\Microsoft\NetFramework\BreadcrumbStore\netcore,Polly.Core,8.5.0",DA39A3EE5E6B4B0D3255BFEF95601890AFD80709,Deduped
"C:\ProgramData\Microsoft\NetFramework\BreadcrumbStore\netcore,Polly.Extensions.Http",DA39A3EE5E6B4B0D3255BFEF95601890AFD80709,Deduped
"C:\ProgramData\Microsoft\NetFramework\BreadcrumbStore\netcore,Polly.Extensions.Http,3.0.0",DA39A3EE5E6B4B0D3255BFEF95601890AFD80709,Deduped
"C:\ProgramData\Microsoft\NetFramework\BreadcrumbStore\netcore,Polly.RateLimiting",DA39A3EE5E6B4B0D3255BFEF95601890AFD80709,Deduped
"C:\ProgramData\Microsoft\NetFramework\BreadcrumbStore\netcore,Polly.RateLimiting,8.5.0",DA39A3EE5E6B4B0D3255BFEF95601890AFD80709,Deduped
"C:\ProgramData\Microsoft\NetFramework\BreadcrumbStore\netcore,runtime.win-x64.Microsoft.NETCore.DotNetHostPolicy",DA39A3EE5E6B4B0D3255BFEF95601890AFD80709,Deduped
"C:\ProgramData\Microsoft\NetFramework\BreadcrumbStore\netcore,runtime.win-x64.Microsoft.NETCore.DotNetHostPolicy,6.0.31",DA39A3EE5E6B4B0D3255BFEF95601890AFD80709,Deduped
"C:\ProgramData\Microsoft\NetFramework\BreadcrumbStore\netcore,runtime.win-x64.Microsoft.NETCore.DotNetHostPolicy,9.0.4",DA39A3EE5E6B4B0D3255BFEF95601890AFD80709,Deduped
"C:\ProgramData\Microsoft\NetFramework\BreadcrumbStore\netcore,SharedUtilities",DA39A3EE5E6B4B0D3255BFEF95601890AFD80709,Deduped
"C:\ProgramData\Microsoft\NetFramework\BreadcrumbStore\netcore,SharedUtilities,0.25032.4",DA39A3EE5E6B4B0D3255BFEF95601890AFD80709,Deduped
"C:\ProgramData\Microsoft\NetFramework\BreadcrumbStore\netcore,SharedUtilities.Controls",DA39A3EE5E6B4B0D3255BFEF95601890AFD80709,Deduped
"C:\ProgramData\Microsoft\NetFramework\BreadcrumbStore\netcore,SharedUtilities.Controls,0.25032.4",DA39A3EE5E6B4B0D3255BFEF95601890AFD80709,Deduped
"C:\ProgramData\Microsoft\NetFramework\BreadcrumbStore\netcore,SharedUtilities.QrCodeGenerator",DA39A3EE5E6B4B0D3255BFEF95601890AFD80709,Deduped
"C:\ProgramData\Microsoft\NetFramework\BreadcrumbStore\netcore,SharedUtilities.QrCodeGenerator,0.25032.4",DA39A3EE5E6B4B0D3255BFEF95601890AFD80709,Deduped
"C:\ProgramData\Microsoft\NetFramework\BreadcrumbStore\netcore,SpanNetty.Buffers",DA39A3EE5E6B4B0D3255BFEF95601890AFD80709,Deduped
"C:\ProgramData\Microsoft\NetFramework\BreadcrumbStore\netcore,SpanNetty.Buffers,0.7.2012.2221",DA39A3EE5E6B4B0D3255BFEF95601890AFD80709,Deduped
"C:\ProgramData\Microsoft\NetFramework\BreadcrumbStore\netcore,SpanNetty.Codecs",DA39A3EE5E6B4B0D3255BFEF95601890AFD80709,Deduped
"C:\ProgramData\Microsoft\NetFramework\BreadcrumbStore\netcore,SpanNetty.Codecs,0.7.2012.2221",DA39A3EE5E6B4B0D3255BFEF95601890AFD80709,Deduped
"C:\ProgramData\Microsoft\NetFramework\BreadcrumbStore\netcore,SpanNetty.Codecs.Protobuf",DA39A3EE5E6B4B0D3255BFEF95601890AFD80709,Deduped
"C:\ProgramData\Microsoft\NetFramework\BreadcrumbStore\netcore,SpanNetty.Codecs.Protobuf,0.7.2012.2221",DA39A3EE5E6B4B0D3255BFEF95601890AFD80709,Deduped
"C:\ProgramData\Microsoft\NetFramework\BreadcrumbStore\netcore,SpanNetty.Common",DA39A3EE5E6B4B0D3255BFEF95601890AFD80709,Deduped
"C:\ProgramData\Microsoft\NetFramework\BreadcrumbStore\netcore,SpanNetty.Common,0.7.2012.2221",DA39A3EE5E6B4B0D3255BFEF95601890AFD80709,Deduped
"C:\ProgramData\Microsoft\NetFramework\BreadcrumbStore\netcore,SpanNetty.Transport",DA39A3EE5E6B4B0D3255BFEF95601890AFD80709,Deduped
"C:\ProgramData\Microsoft\NetFramework\BreadcrumbStore\netcore,SpanNetty.Transport,0.7.2012.2221",DA39A3EE5E6B4B0D3255BFEF95601890AFD80709,Deduped
"C:\ProgramData\Microsoft\NetFramework\BreadcrumbStore\netcore,SQLitePCLRaw.bundle_e_sqlite3",DA39A3EE5E6B4B0D3255BFEF95601890AFD80709,Deduped
"C:\ProgramData\Microsoft\NetFramework\BreadcrumbStore\netcore,SQLitePCLRaw.bundle_e_sqlite3,2.1.10",DA39A3EE5E6B4B0D3255BFEF95601890AFD80709,Deduped
"C:\ProgramData\Microsoft\NetFramework\BreadcrumbStore\netcore,SQLitePCLRaw.core",DA39A3EE5E6B4B0D3255BFEF95601890AFD80709,Deduped
"C:\ProgramData\Microsoft\NetFramework\BreadcrumbStore\netcore,SQLitePCLRaw.core,2.1.10",DA39A3EE5E6B4B0D3255BFEF95601890AFD80709,Deduped
"C:\ProgramData\Microsoft\NetFramework\BreadcrumbStore\netcore,SQLitePCLRaw.lib.e_sqlite3",DA39A3EE5E6B4B0D3255BFEF95601890AFD80709,Deduped
"C:\ProgramData\Microsoft\NetFramework\BreadcrumbStore\netcore,SQLitePCLRaw.lib.e_sqlite3,2.1.10",DA39A3EE5E6B4B0D3255BFEF95601890AFD80709,Deduped
"C:\ProgramData\Microsoft\NetFramework\BreadcrumbStore\netcore,SQLitePCLRaw.provider.e_sqlite3",DA39A3EE5E6B4B0D3255BFEF95601890AFD80709,Deduped
"C:\ProgramData\Microsoft\NetFramework\BreadcrumbStore\netcore,SQLitePCLRaw.provider.e_sqlite3,2.1.10",DA39A3EE5E6B4B0D3255BFEF95601890AFD80709,Deduped
"C:\ProgramData\Microsoft\NetFramework\BreadcrumbStore\netcore,Stateless",DA39A3EE5E6B4B0D3255BFEF95601890AFD80709,Deduped
"C:\ProgramData\Microsoft\NetFramework\BreadcrumbStore\netcore,Stateless,5.16.0",DA39A3EE5E6B4B0D3255BFEF95601890AFD80709,Deduped
"C:\ProgramData\Microsoft\NetFramework\BreadcrumbStore\netcore,static",DA39A3EE5E6B4B0D3255BFEF95601890AFD80709,Deduped
"C:\ProgramData\Microsoft\NetFramework\BreadcrumbStore\netcore,static,static",DA39A3EE5E6B4B0D3255BFEF95601890AFD80709,Deduped
"C:\ProgramData\Microsoft\NetFramework\BreadcrumbStore\netcore,System.Drawing.Common",DA39A3EE5E6B4B0D3255BFEF95601890AFD80709,Deduped
"C:\ProgramData\Microsoft\NetFramework\BreadcrumbStore\netcore,System.Drawing.Common,9.0.0",DA39A3EE5E6B4B0D3255BFEF95601890AFD80709,Deduped
"C:\ProgramData\Microsoft\NetFramework\BreadcrumbStore\netcore,System.IdentityModel.Tokens.Jwt",DA39A3EE5E6B4B0D3255BFEF95601890AFD80709,Deduped
"C:\ProgramData\Microsoft\NetFramework\BreadcrumbStore\netcore,System.IdentityModel.Tokens.Jwt,8.2.0",DA39A3EE5E6B4B0D3255BFEF95601890AFD80709,Deduped
"C:\ProgramData\Microsoft\NetFramework\BreadcrumbStore\netcore,System.IO.Abstractions",DA39A3EE5E6B4B0D3255BFEF95601890AFD80709,Deduped
"C:\ProgramData\Microsoft\NetFramework\BreadcrumbStore\netcore,System.IO.Abstractions,21.1.3",DA39A3EE5E6B4B0D3255BFEF95601890AFD80709,Deduped
"C:\ProgramData\Microsoft\NetFramework\BreadcrumbStore\netcore,System.IO.Hashing",DA39A3EE5E6B4B0D3255BFEF95601890AFD80709,Deduped
"C:\ProgramData\Microsoft\NetFramework\BreadcrumbStore\netcore,System.IO.Hashing,9.0.0",DA39A3EE5E6B4B0D3255BFEF95601890AFD80709,Deduped
"C:\ProgramData\Microsoft\NetFramework\BreadcrumbStore\netcore,System.Net.ServerSentEvents",DA39A3EE5E6B4B0D3255BFEF95601890AFD80709,Deduped
"C:\ProgramData\Microsoft\NetFramework\BreadcrumbStore\netcore,System.Net.ServerSentEvents,9.0.0",DA39A3EE5E6B4B0D3255BFEF95601890AFD80709,Deduped
"C:\ProgramData\Microsoft\NetFramework\BreadcrumbStore\netcore,System.Threading.RateLimiting",DA39A3EE5E6B4B0D3255BFEF95601890AFD80709,Deduped
"C:\ProgramData\Microsoft\NetFramework\BreadcrumbStore\netcore,System.Threading.RateLimiting,9.0.4",DA39A3EE5E6B4B0D3255BFEF95601890AFD80709,Deduped
"C:\ProgramData\Microsoft\NetFramework\BreadcrumbStore\netcore,TestableIO.System.IO.Abstractions",DA39A3EE5E6B4B0D3255BFEF95601890AFD80709,Deduped
"C:\ProgramData\Microsoft\NetFramework\BreadcrumbStore\netcore,TestableIO.System.IO.Abstractions,21.1.3",DA39A3EE5E6B4B0D3255BFEF95601890AFD80709,Deduped
"C:\ProgramData\Microsoft\NetFramework\BreadcrumbStore\netcore,TestableIO.System.IO.Abstractions.Wrappers",DA39A3EE5E6B4B0D3255BFEF95601890AFD80709,Deduped
"C:\ProgramData\Microsoft\NetFramework\BreadcrumbStore\netcore,TestableIO.System.IO.Abstractions.Wrappers,21.1.3",DA39A3EE5E6B4B0D3255BFEF95601890AFD80709,Deduped
"C:\ProgramData\Microsoft\NetFramework\BreadcrumbStore\netcore,YourPhone.OnboardingSDK",DA39A3EE5E6B4B0D3255BFEF95601890AFD80709,Deduped
"C:\ProgramData\Microsoft\NetFramework\BreadcrumbStore\netcore,YourPhone.OnboardingSDK,0.25032.19",DA39A3EE5E6B4B0D3255BFEF95601890AFD80709,Deduped
"C:\ProgramData\Microsoft\NetFramework\BreadcrumbStore\netcore,YourPhone.YPP",DA39A3EE5E6B4B0D3255BFEF95601890AFD80709,Deduped
"C:\ProgramData\Microsoft\NetFramework\BreadcrumbStore\netcore,YourPhone.YPP,0.25032.19",DA39A3EE5E6B4B0D3255BFEF95601890AFD80709,Deduped
"C:\ProgramData\Microsoft\NetFramework\BreadcrumbStore\netcore,YourPhone.YPP.Auth",DA39A3EE5E6B4B0D3255BFEF95601890AFD80709,Deduped
"C:\ProgramData\Microsoft\NetFramework\BreadcrumbStore\netcore,YourPhone.YPP.Auth,0.25032.19",DA39A3EE5E6B4B0D3255BFEF95601890AFD80709,Deduped
"C:\ProgramData\Microsoft\NetFramework\BreadcrumbStore\netcore,YourPhone.YPP.Common",DA39A3EE5E6B4B0D3255BFEF95601890AFD80709,Deduped
"C:\ProgramData\Microsoft\NetFramework\BreadcrumbStore\netcore,YourPhone.YPP.Common,0.25032.19",DA39A3EE5E6B4B0D3255BFEF95601890AFD80709,Deduped
"C:\ProgramData\Microsoft\NetFramework\BreadcrumbStore\netcore,YourPhone.YPP.Onboarding",DA39A3EE5E6B4B0D3255BFEF95601890AFD80709,Deduped
"C:\ProgramData\Microsoft\NetFramework\BreadcrumbStore\netcore,YourPhone.YPP.Onboarding,0.25032.19",DA39A3EE5E6B4B0D3255BFEF95601890AFD80709,Deduped
"C:\ProgramData\Microsoft\NetFramework\BreadcrumbStore\netcore,YourPhone.YPP.PlatformSdk",DA39A3EE5E6B4B0D3255BFEF95601890AFD80709,Deduped
"C:\ProgramData\Microsoft\NetFramework\BreadcrumbStore\netcore,YourPhone.YPP.PlatformSdk,0.25032.19",DA39A3EE5E6B4B0D3255BFEF95601890AFD80709,Deduped
"C:\ProgramData\Microsoft\NetFramework\BreadcrumbStore\netcore,YourPhone.YPP.PlatformSdk.Protocol",DA39A3EE5E6B4B0D3255BFEF95601890AFD80709,Deduped
"C:\ProgramData\Microsoft\NetFramework\BreadcrumbStore\netcore,YourPhone.YPP.PlatformSdk.Protocol,0.25032.19",DA39A3EE5E6B4B0D3255BFEF95601890AFD80709,Deduped
"C:\ProgramData\Microsoft\NetFramework\BreadcrumbStore\netcore,YourPhone.YPP.ServicesClient",DA39A3EE5E6B4B0D3255BFEF95601890AFD80709,Deduped
"C:\ProgramData\Microsoft\NetFramework\BreadcrumbStore\netcore,YourPhone.YPP.ServicesClient,0.25032.19",DA39A3EE5E6B4B0D3255BFEF95601890AFD80709,Deduped
"C:\ProgramData\Microsoft\NetFramework\BreadcrumbStore\netcore,YourPhone.YPP.SideChannel",DA39A3EE5E6B4B0D3255BFEF95601890AFD80709,Deduped
"C:\ProgramData\Microsoft\NetFramework\BreadcrumbStore\netcore,YourPhone.YPP.SideChannel,0.25032.19",DA39A3EE5E6B4B0D3255BFEF95601890AFD80709,Deduped
"C:\ProgramData\Microsoft\NetFramework\BreadcrumbStore\netcore,YourPhone.YPP.SideChannel.Protocol",DA39A3EE5E6B4B0D3255BFEF95601890AFD80709,Deduped
"C:\ProgramData\Microsoft\NetFramework\BreadcrumbStore\netcore,YourPhone.YPP.SideChannel.Protocol,0.25032.19",DA39A3EE5E6B4B0D3255BFEF95601890AFD80709,Deduped
"C:\ProgramData\Microsoft\NetFramework\BreadcrumbStore\System.Memory, Culture=neutral, PublicKeyToken=cc7b13ffcd2ddd51",DA39A3EE5E6B4B0D3255BFEF95601890AFD80709,Deduped
"C:\ProgramData\Microsoft\NetFramework\BreadcrumbStore\System.Memory, Version=4.0.1.1, Culture=neutral, PublicKeyToken=cc7b13ffcd2ddd51",DA39A3EE5E6B4B0D3255BFEF95601890AFD80709,Deduped
"C:\ProgramData\Microsoft\NetFramework\BreadcrumbStore\System.Net.Http, Culture=neutral, PublicKeyToken=b03f5f7f11d50a3a",DA39A3EE5E6B4B0D3255BFEF95601890AFD80709,Deduped
"C:\ProgramData\Microsoft\NetFramework\BreadcrumbStore\System.Net.Http, Version=4.2.0.0, Culture=neutral, PublicKeyToken=b03f5f7f11d50a3a",DA39A3EE5E6B4B0D3255BFEF95601890AFD80709,Deduped
C:\ProgramData\Microsoft\Network\Downloader\edbres00002.jrs,377E869BC123602E9B568816B76BE600ED03DBD0,Deduped
C:\ProgramData\Microsoft\Network\Downloader\edbtmp.log,377E869BC123602E9B568816B76BE600ED03DBD0,Deduped
C:\ProgramData\Microsoft\Device Stage\Device\{8702d817-5aad-4674-9ef3-4d3decd87120}\background.png,3A804355D5062A6D2ED9653D66E9E4AEBAF90BC0,Deduped
C:\ProgramData\Microsoft\Device Stage\Device\{8702d817-5aad-4674-9ef3-4d3decd87120}\watermark.png,6AE6249493D36682270C0D5E3EB3C472FDD2766E,Deduped
C:\ProgramData\Microsoft\Device Stage\Task\{e35be42d-f742-4d96-a50a-1775fb1a7a42}\folder.ico,051F76CC8C6520768BAC9559BB329ABEEBD70D7C,Deduped
C:\ProgramData\Microsoft\Windows\WER\Temp\e32c949a-1820-4d57-a09a-0babdaa3a00f,DA39A3EE5E6B4B0D3255BFEF95601890AFD80709,Deduped
C:\ProgramData\Microsoft\Device Stage\Task\{07deb856-fc6e-4fb9-8add-d8f2cf8722c9}\en-US\resource.xml,18BC8DFC779D407398AF193F3D265FF93F253BC2,Deduped
C:\ProgramData\Microsoft\Windows\AppRepository\Packages\1527c705-839a-4832-9118-54d4Bd6a0c89_10.0.19640.1000_neutral_neutral_cw5n1h2txyewy\ActivationStore.dat.LOG2,DA39A3EE5E6B4B0D3255BFEF95601890AFD80709,Deduped
C:\ProgramData\Microsoft\Windows\AppRepository\Packages\AD2F1837.HPPowerManager_3.0.18.0_x64__v10z8vjag6ke6\ActivationStore.dat.LOG2,DA39A3EE5E6B4B0D3255BFEF95601890AFD80709,Deduped
C:\ProgramData\Microsoft\Windows\AppRepository\Packages\AD2F1837.HPPrivacySettings_1.3.7.0_x64__v10z8vjag6ke6\ActivationStore.dat.LOG2,DA39A3EE5E6B4B0D3255BFEF95601890AFD80709,Deduped
C:\ProgramData\Microsoft\Windows\AppRepository\Packages\AD2F1837.HPProgrammableKey_1.0.17.0_x64__v10z8vjag6ke6\ActivationStore.dat.LOG2,DA39A3EE5E6B4B0D3255BFEF95601890AFD80709,Deduped
C:\ProgramData\Microsoft\Windows\AppRepository\Packages\AD2F1837.HPQuickDrop_2.5.10921.0_x64__v10z8vjag6ke6\ActivationStore.dat.LOG1,DA39A3EE5E6B4B0D3255BFEF95601890AFD80709,Deduped
C:\ProgramData\Microsoft\Windows\AppRepository\Packages\AD2F1837.HPQuickDrop_2.5.10921.0_x64__v10z8vjag6ke6\ActivationStore.dat.LOG2,DA39A3EE5E6B4B0D3255BFEF95601890AFD80709,Deduped
C:\ProgramData\Microsoft\Windows\AppRepository\Packages\AD2F1837.HPSupportAssistant_9.44.18.0_x64__v10z8vjag6ke6\ActivationStore.dat.LOG1,DA39A3EE5E6B4B0D3255BFEF95601890AFD80709,Deduped
C:\ProgramData\Microsoft\Windows\AppRepository\Packages\AD2F1837.HPSupportAssistant_9.44.18.0_x64__v10z8vjag6ke6\ActivationStore.dat.LOG2,DA39A3EE5E6B4B0D3255BFEF95601890AFD80709,Deduped
C:\ProgramData\Microsoft\Windows\AppRepository\Packages\AD2F1837.HPSystemInformation_8.10.45.0_x64__v10z8vjag6ke6\ActivationStore.dat.LOG2,DA39A3EE5E6B4B0D3255BFEF95601890AFD80709,Deduped
C:\ProgramData\Microsoft\Windows\AppRepository\Packages\AD2F1837.myHP_43.52513.1706.0_x64__v10z8vjag6ke6\ActivationStore.dat.LOG1,DA39A3EE5E6B4B0D3255BFEF95601890AFD80709,Deduped
C:\ProgramData\Microsoft\Windows\AppRepository\Packages\AD2F1837.myHP_43.52513.1706.0_x64__v10z8vjag6ke6\ActivationStore.dat.LOG2,DA39A3EE5E6B4B0D3255BFEF95601890AFD80709,Deduped
C:\ProgramData\Microsoft\Windows\AppRepository\Packages\AppUp.IntelGraphicsExperience_1.100.5688.0_x64__8j3eq9eme6ctt\ActivationStore.dat.LOG2,DA39A3EE5E6B4B0D3255BFEF95601890AFD80709,Deduped
C:\ProgramData\Microsoft\Windows\AppRepository\Packages\AppUp.IntelManagementandSecurityStatus_2405.6.0.0_x64__8j3eq9eme6ctt\ActivationStore.dat.LOG2,DA39A3EE5E6B4B0D3255BFEF95601890AFD80709,Deduped
C:\ProgramData\Microsoft\Windows\AppRepository\Packages\AppUp.IntelOptaneMemoryandStorageManagement_18.1.1042.0_x64__8j3eq9eme6ctt\ActivationStore.dat.LOG2,DA39A3EE5E6B4B0D3255BFEF95601890AFD80709,Deduped
C:\ProgramData\Microsoft\Windows\AppRepository\Packages\c5e2524a-ea46-4f67-841f-6a9465d9d515_10.0.22621.1_neutral_neutral_cw5n1h2txyewy\ActivationStore.dat.LOG2,DA39A3EE5E6B4B0D3255BFEF95601890AFD80709,Deduped
C:\ProgramData\Microsoft\Windows\AppRepository\Packages\Clipchamp.Clipchamp_4.2.10020.0_x64__yxz26nhyzhsrt\ActivationStore.dat.LOG2,DA39A3EE5E6B4B0D3255BFEF95601890AFD80709,Deduped
C:\ProgramData\Microsoft\Windows\AppRepository\Packages\E2A4F912-2574-4A75-9BB0-0D023378592B_10.0.19640.1000_neutral_neutral_cw5n1h2txyewy\ActivationStore.dat.LOG2,DA39A3EE5E6B4B0D3255BFEF95601890AFD80709,Deduped
C:\ProgramData\Microsoft\Windows\AppRepository\Packages\F46D4000-FD22-4DB4-AC8E-4E1DDDE828FE_10.0.22621.1_neutral_neutral_cw5n1h2txyewy\ActivationStore.dat.LOG2,DA39A3EE5E6B4B0D3255BFEF95601890AFD80709,Deduped
C:\ProgramData\Microsoft\Windows\AppRepository\Packages\Microsoft.549981C3F5F10_4.2308.1005.0_x64__8wekyb3d8bbwe\ActivationStore.dat.LOG2,DA39A3EE5E6B4B0D3255BFEF95601890AFD80709,Deduped
C:\ProgramData\Microsoft\Windows\AppRepository\Packages\Microsoft.AAD.BrokerPlugin_1000.19580.1000.2_neutral_neutral_cw5n1h2txyewy\ActivationStore.dat.LOG2,DA39A3EE5E6B4B0D3255BFEF95601890AFD80709,Deduped
C:\ProgramData\Microsoft\Windows\AppRepository\Packages\Microsoft.AccountsControl_10.0.22621.1_neutral__cw5n1h2txyewy\ActivationStore.dat.LOG2,DA39A3EE5E6B4B0D3255BFEF95601890AFD80709,Deduped
C:\ProgramData\Microsoft\Windows\AppRepository\Packages\Microsoft.Advertising.Xaml_10.1811.1.0_x64__8wekyb3d8bbwe\ActivationStore.dat.LOG2,DA39A3EE5E6B4B0D3255BFEF95601890AFD80709,Deduped
C:\ProgramData\Microsoft\Windows\AppRepository\Packages\Microsoft.Advertising.Xaml_10.1811.1.0_x86__8wekyb3d8bbwe\ActivationStore.dat.LOG2,DA39A3EE5E6B4B0D3255BFEF95601890AFD80709,Deduped
C:\ProgramData\Microsoft\Windows\AppRepository\Packages\Microsoft.AsyncTextService_10.0.22621.1_neutral__8wekyb3d8bbwe\ActivationStore.dat.LOG2,DA39A3EE5E6B4B0D3255BFEF95601890AFD80709,Deduped
C:\ProgramData\Microsoft\Windows\AppRepository\Packages\Microsoft.BingNews_4.55.62231.0_x64__8wekyb3d8bbwe\ActivationStore.dat.LOG2,DA39A3EE5E6B4B0D3255BFEF95601890AFD80709,Deduped
C:\ProgramData\Microsoft\Windows\AppRepository\Packages\Microsoft.BingSearch_1.1.33.0_x64__8wekyb3d8bbwe\ActivationStore.dat.LOG2,DA39A3EE5E6B4B0D3255BFEF95601890AFD80709,Deduped
C:\ProgramData\Microsoft\Windows\AppRepository\Packages\Microsoft.BingWeather_4.54.63007.0_x64__8wekyb3d8bbwe\ActivationStore.dat.LOG2,DA39A3EE5E6B4B0D3255BFEF95601890AFD80709,Deduped
C:\ProgramData\Microsoft\Windows\AppRepository\Packages\Microsoft.BioEnrollment_10.0.19587.1000_neutral__cw5n1h2txyewy\ActivationStore.dat.LOG2,DA39A3EE5E6B4B0D3255BFEF95601890AFD80709,Deduped
C:\ProgramData\Microsoft\Windows\AppRepository\Packages\Microsoft.Copilot_0.4.2.0_neutral__8wekyb3d8bbwe\ActivationStore.dat.LOG2,DA39A3EE5E6B4B0D3255BFEF95601890AFD80709,Deduped
C:\ProgramData\Microsoft\Windows\AppRepository\Packages\Microsoft.CredDialogHost_10.0.19595.1001_neutral__cw5n1h2txyewy\ActivationStore.dat.LOG2,DA39A3EE5E6B4B0D3255BFEF95601890AFD80709,Deduped
C:\ProgramData\Microsoft\Windows\AppRepository\Packages\Microsoft.DesktopAppInstaller_1.25.390.0_x64__8wekyb3d8bbwe\ActivationStore.dat.LOG2,DA39A3EE5E6B4B0D3255BFEF95601890AFD80709,Deduped
C:\ProgramData\Microsoft\Windows\AppRepository\Packages\Microsoft.ECApp_10.0.22621.3810_neutral__8wekyb3d8bbwe\ActivationStore.dat.LOG2,DA39A3EE5E6B4B0D3255BFEF95601890AFD80709,Deduped
C:\ProgramData\Microsoft\Windows\AppRepository\Packages\Microsoft.Edge.GameAssist_1.0.3336.0_x64__8wekyb3d8bbwe\ActivationStore.dat.LOG2,DA39A3EE5E6B4B0D3255BFEF95601890AFD80709,Deduped
C:\ProgramData\Microsoft\Windows\AppRepository\Packages\Microsoft.GamingApp_2410.1001.55.0_x64__8wekyb3d8bbwe\ActivationStore.dat.LOG1,DA39A3EE5E6B4B0D3255BFEF95601890AFD80709,Deduped
C:\ProgramData\Microsoft\Windows\AppRepository\Packages\Microsoft.GamingApp_2410.1001.55.0_x64__8wekyb3d8bbwe\ActivationStore.dat.LOG2,DA39A3EE5E6B4B0D3255BFEF95601890AFD80709,Deduped
C:\ProgramData\Microsoft\Windows\AppRepository\Packages\Microsoft.GetHelp_10.2409.22951.0_x64__8wekyb3d8bbwe\ActivationStore.dat.LOG2,DA39A3EE5E6B4B0D3255BFEF95601890AFD80709,Deduped
C:\ProgramData\Microsoft\Windows\AppRepository\Packages\Microsoft.Getstarted_10.2312.1.0_x64__8wekyb3d8bbwe\ActivationStore.dat.LOG2,DA39A3EE5E6B4B0D3255BFEF95601890AFD80709,Deduped
C:\ProgramData\Microsoft\Windows\AppRepository\Packages\Microsoft.LockApp_10.0.22621.4974_neutral__cw5n1h2txyewy\ActivationStore.dat.LOG2,DA39A3EE5E6B4B0D3255BFEF95601890AFD80709,Deduped
C:\ProgramData\Microsoft\Windows\AppRepository\Packages\Microsoft.Microsoft3DViewer_1.0.124.0_x64__8wekyb3d8bbwe\ActivationStore.dat.LOG2,DA39A3EE5E6B4B0D3255BFEF95601890AFD80709,Deduped
C:\ProgramData\Microsoft\Windows\AppRepository\Packages\Microsoft.MicrosoftOfficeHub_19.2505.51095.0_x64__8wekyb3d8bbwe\ActivationStore.dat.LOG2,DA39A3EE5E6B4B0D3255BFEF95601890AFD80709,Deduped
C:\ProgramData\Microsoft\Windows\AppRepository\Packages\Microsoft.MicrosoftSolitaireCollection_4.22.4039.0_x64__8wekyb3d8bbwe\ActivationStore.dat.LOG2,DA39A3EE5E6B4B0D3255BFEF95601890AFD80709,Deduped
C:\ProgramData\Microsoft\Windows\AppRepository\Packages\Microsoft.MicrosoftStickyNotes_6.1.4.0_x64__8wekyb3d8bbwe\ActivationStore.dat.LOG2,DA39A3EE5E6B4B0D3255BFEF95601890AFD80709,Deduped
C:\ProgramData\Microsoft\Windows\AppRepository\Packages\Microsoft.MixedReality.Portal_2000.21051.1282.0_x64__8wekyb3d8bbwe\ActivationStore.dat.LOG2,DA39A3EE5E6B4B0D3255BFEF95601890AFD80709,Deduped
C:\ProgramData\Microsoft\Windows\AppRepository\Packages\Microsoft.MSPaint_1.0.79.0_x64__8wekyb3d8bbwe\ActivationStore.dat.LOG2,DA39A3EE5E6B4B0D3255BFEF95601890AFD80709,Deduped
C:\ProgramData\Microsoft\Windows\AppRepository\Packages\Microsoft.Office.OneNote_16.14326.22347.0_x64__8wekyb3d8bbwe\ActivationStore.dat.LOG2,DA39A3EE5E6B4B0D3255BFEF95601890AFD80709,Deduped
C:\ProgramData\Microsoft\Windows\AppRepository\Packages\Microsoft.OutlookForWindows_1.2025.516.400_x64__8wekyb3d8bbwe\ActivationStore.dat.LOG2,DA39A3EE5E6B4B0D3255BFEF95601890AFD80709,Deduped
C:\ProgramData\Microsoft\Windows\AppRepository\Packages\Microsoft.Paint_11.2503.381.0_x64__8wekyb3d8bbwe\ActivationStore.dat.LOG1,DA39A3EE5E6B4B0D3255BFEF95601890AFD80709,Deduped
C:\ProgramData\Microsoft\Windows\AppRepository\Packages\Microsoft.Paint_11.2503.381.0_x64__8wekyb3d8bbwe\ActivationStore.dat.LOG2,DA39A3EE5E6B4B0D3255BFEF95601890AFD80709,Deduped
C:\ProgramData\Microsoft\Windows\AppRepository\Packages\Microsoft.People_10.2202.100.0_x64__8wekyb3d8bbwe\ActivationStore.dat.LOG2,DA39A3EE5E6B4B0D3255BFEF95601890AFD80709,Deduped
C:\ProgramData\Microsoft\Windows\AppRepository\Packages\Microsoft.ScreenSketch_11.2502.18.0_x64__8wekyb3d8bbwe\ActivationStore.dat.LOG2,DA39A3EE5E6B4B0D3255BFEF95601890AFD80709,Deduped
C:\ProgramData\Microsoft\Windows\AppRepository\Packages\Microsoft.SecHealthUI_1000.27840.1000.0_x64__8wekyb3d8bbwe\ActivationStore.dat.LOG2,DA39A3EE5E6B4B0D3255BFEF95601890AFD80709,Deduped
C:\ProgramData\Microsoft\Windows\AppRepository\Packages\Microsoft.Services.Store.Engagement_10.0.23012.0_x64__8wekyb3d8bbwe\ActivationStore.dat.LOG2,DA39A3EE5E6B4B0D3255BFEF95601890AFD80709,Deduped
C:\ProgramData\Microsoft\Windows\AppRepository\Packages\Microsoft.Services.Store.Engagement_10.0.23012.0_x86__8wekyb3d8bbwe\ActivationStore.dat.LOG2,DA39A3EE5E6B4B0D3255BFEF95601890AFD80709,Deduped
C:\ProgramData\Microsoft\Windows\AppRepository\Packages\Microsoft.SkypeApp_15.150.3125.0_x64__kzf8qxf38zg5c\ActivationStore.dat.LOG2,DA39A3EE5E6B4B0D3255BFEF95601890AFD80709,Deduped
C:\ProgramData\Microsoft\Windows\AppRepository\Packages\Microsoft.StorePurchaseApp_22504.1401.3.0_x64__8wekyb3d8bbwe\ActivationStore.dat.LOG1,DA39A3EE5E6B4B0D3255BFEF95601890AFD80709,Deduped
C:\ProgramData\Microsoft\Windows\AppRepository\Packages\Microsoft.StorePurchaseApp_22504.1401.3.0_x64__8wekyb3d8bbwe\ActivationStore.dat.LOG2,DA39A3EE5E6B4B0D3255BFEF95601890AFD80709,Deduped
C:\ProgramData\Microsoft\Windows\AppRepository\Packages\Microsoft.Todos_0.114.7122.0_x64__8wekyb3d8bbwe\ActivationStore.dat.LOG2,DA39A3EE5E6B4B0D3255BFEF95601890AFD80709,Deduped
C:\ProgramData\Microsoft\Windows\AppRepository\Packages\Microsoft.UI.Xaml.2.0_2.1810.18004.0_x64__8wekyb3d8bbwe\ActivationStore.dat.LOG2,DA39A3EE5E6B4B0D3255BFEF95601890AFD80709,Deduped
C:\ProgramData\Microsoft\Windows\AppRepository\Packages\Microsoft.UI.Xaml.2.0_2.1810.18004.0_x86__8wekyb3d8bbwe\ActivationStore.dat.LOG2,DA39A3EE5E6B4B0D3255BFEF95601890AFD80709,Deduped
C:\ProgramData\Microsoft\Windows\AppRepository\Packages\Microsoft.UI.Xaml.2.1_2.11906.6001.0_x64__8wekyb3d8bbwe\ActivationStore.dat.LOG2,DA39A3EE5E6B4B0D3255BFEF95601890AFD80709,Deduped
C:\ProgramData\Microsoft\Windows\AppRepository\Packages\Microsoft.UI.Xaml.2.1_2.11906.6001.0_x86__8wekyb3d8bbwe\ActivationStore.dat.LOG2,DA39A3EE5E6B4B0D3255BFEF95601890AFD80709,Deduped
C:\ProgramData\Microsoft\Windows\AppRepository\Packages\Microsoft.UI.Xaml.2.4_2.42007.9001.0_x86__8wekyb3d8bbwe\ActivationStore.dat.LOG2,DA39A3EE5E6B4B0D3255BFEF95601890AFD80709,Deduped
C:\ProgramData\Microsoft\Windows\AppRepository\Packages\Microsoft.UI.Xaml.2.6_2.62112.3002.0_x64__8wekyb3d8bbwe\ActivationStore.dat.LOG2,DA39A3EE5E6B4B0D3255BFEF95601890AFD80709,Deduped
C:\ProgramData\Microsoft\Windows\AppRepository\Packages\Microsoft.UI.Xaml.2.6_2.62112.3002.0_x86__8wekyb3d8bbwe\ActivationStore.dat.LOG2,DA39A3EE5E6B4B0D3255BFEF95601890AFD80709,Deduped
C:\ProgramData\Microsoft\Windows\AppRepository\Packages\Microsoft.UI.Xaml.2.7_7.2409.9001.0_x64__8wekyb3d8bbwe\ActivationStore.dat.LOG2,DA39A3EE5E6B4B0D3255BFEF95601890AFD80709,Deduped
C:\ProgramData\Microsoft\Windows\AppRepository\Packages\Microsoft.UI.Xaml.2.7_7.2409.9001.0_x86__8wekyb3d8bbwe\ActivationStore.dat.LOG2,DA39A3EE5E6B4B0D3255BFEF95601890AFD80709,Deduped
C:\ProgramData\Microsoft\Windows\AppRepository\Packages\Microsoft.UI.Xaml.2.8_8.2501.31001.0_x64__8wekyb3d8bbwe\ActivationStore.dat.LOG2,DA39A3EE5E6B4B0D3255BFEF95601890AFD80709,Deduped
C:\ProgramData\Microsoft\Windows\AppRepository\Packages\Microsoft.UI.Xaml.2.8_8.2501.31001.0_x86__8wekyb3d8bbwe\ActivationStore.dat.LOG2,DA39A3EE5E6B4B0D3255BFEF95601890AFD80709,Deduped
C:\ProgramData\Microsoft\Windows\AppRepository\Packages\Microsoft.UI.Xaml.CBS_8.2404.3001.0_x64__8wekyb3d8bbwe\ActivationStore.dat.LOG2,DA39A3EE5E6B4B0D3255BFEF95601890AFD80709,Deduped
C:\ProgramData\Microsoft\Windows\AppRepository\Packages\Microsoft.VCLibs.140.00.UWPDesktop_14.0.33728.0_x64__8wekyb3d8bbwe\S-1-5-21-3742442691-1288352992-3554343984-1001.pckgdep,E1F10F237D22B111F72A767F53768D20ADA23413,Deduped
C:\ProgramData\Microsoft\Windows\AppRepository\Packages\Microsoft.VCLibs.140.00.UWPDesktop_14.0.33728.0_x64__8wekyb3d8bbwe\S-1-5-21-3742442691-1288352992-3554343984-1002.pckgdep,E1F10F237D22B111F72A767F53768D20ADA23413,Deduped
C:\ProgramData\Microsoft\Windows\AppRepository\Packages\Microsoft.VCLibs.140.00.UWPDesktop_14.0.33728.0_x86__8wekyb3d8bbwe\S-1-5-21-3742442691-1288352992-3554343984-1001.pckgdep,7AF86775EACAC800A6BACE8F531B9DA36ED539B6,Deduped
C:\ProgramData\Microsoft\Windows\AppRepository\Packages\Microsoft.VCLibs.140.00_14.0.33519.0_x64__8wekyb3d8bbwe\S-1-5-21-3742442691-1288352992-3554343984-1001.pckgdep,D707DBC908601AEC79EB7CA1C0FF5BFF02457764,Deduped
C:\ProgramData\Microsoft\Windows\AppRepository\Packages\Microsoft.VCLibs.140.00_14.0.33519.0_x86__8wekyb3d8bbwe\S-1-5-21-3742442691-1288352992-3554343984-1001.pckgdep,78DD010B8C4CE594E2C8BCECB853E12CD50627F3,Deduped
C:\ProgramData\Microsoft\Windows\AppRepository\Packages\Microsoft.WebMediaExtensions_1.1.1295.0_x64__8wekyb3d8bbwe\ActivationStore.dat.LOG2,DA39A3EE5E6B4B0D3255BFEF95601890AFD80709,Deduped
C:\ProgramData\Microsoft\Windows\AppRepository\Packages\Microsoft.Whiteboard_55.20331.573.0_x64__8wekyb3d8bbwe\ActivationStore.dat.LOG2,DA39A3EE5E6B4B0D3255BFEF95601890AFD80709,Deduped
C:\ProgramData\Microsoft\Windows\AppRepository\Packages\Microsoft.WidgetsPlatformRuntime_1.6.2.0_x64__8wekyb3d8bbwe\ActivationStore.dat.LOG2,DA39A3EE5E6B4B0D3255BFEF95601890AFD80709,Deduped
C:\ProgramData\Microsoft\Windows\AppRepository\Packages\Microsoft.Win32WebViewHost_10.0.22621.1_neutral_neutral_cw5n1h2txyewy\ActivationStore.dat.LOG2,DA39A3EE5E6B4B0D3255BFEF95601890AFD80709,Deduped
C:\ProgramData\Microsoft\Windows\AppRepository\Packages\Microsoft.Windows.Apprep.ChxApp_1000.22621.1.0_neutral_neutral_cw5n1h2txyewy\ActivationStore.dat.LOG2,DA39A3EE5E6B4B0D3255BFEF95601890AFD80709,Deduped
C:\ProgramData\Microsoft\Windows\AppRepository\Packages\Microsoft.Windows.AssignedAccessLockApp_1000.22621.1.0_neutral_neutral_cw5n1h2txyewy\ActivationStore.dat.LOG2,DA39A3EE5E6B4B0D3255BFEF95601890AFD80709,Deduped
C:\ProgramData\Microsoft\Windows\AppRepository\Packages\Microsoft.Windows.CallingShellApp_1000.22621.1.0_neutral_neutral_cw5n1h2txyewy\ActivationStore.dat.LOG2,DA39A3EE5E6B4B0D3255BFEF95601890AFD80709,Deduped
C:\ProgramData\Microsoft\Windows\AppRepository\Packages\Microsoft.Windows.CapturePicker_10.0.19580.1000_neutral__cw5n1h2txyewy\ActivationStore.dat.LOG2,DA39A3EE5E6B4B0D3255BFEF95601890AFD80709,Deduped
C:\ProgramData\Microsoft\Windows\AppRepository\Packages\Microsoft.Windows.CloudExperienceHost_10.0.22621.2506_neutral_neutral_cw5n1h2txyewy\ActivationStore.dat.LOG2,DA39A3EE5E6B4B0D3255BFEF95601890AFD80709,Deduped
C:\ProgramData\Microsoft\Windows\AppRepository\Packages\Microsoft.Windows.ContentDeliveryManager_10.0.22621.2506_neutral_neutral_cw5n1h2txyewy\ActivationStore.dat.LOG2,DA39A3EE5E6B4B0D3255BFEF95601890AFD80709,Deduped
C:\ProgramData\Microsoft\Windows\AppRepository\Packages\Microsoft.Windows.NarratorQuickStart_10.0.22621.1_neutral_neutral_8wekyb3d8bbwe\ActivationStore.dat.LOG2,DA39A3EE5E6B4B0D3255BFEF95601890AFD80709,Deduped
C:\ProgramData\Microsoft\Windows\AppRepository\Packages\Microsoft.Windows.OOBENetworkCaptivePortal_10.0.21302.1000_neutral__cw5n1h2txyewy\ActivationStore.dat.LOG2,DA39A3EE5E6B4B0D3255BFEF95601890AFD80709,Deduped
C:\ProgramData\Microsoft\Windows\AppRepository\Packages\Microsoft.Windows.OOBENetworkConnectionFlow_10.0.21302.1000_neutral__cw5n1h2txyewy\ActivationStore.dat.LOG2,DA39A3EE5E6B4B0D3255BFEF95601890AFD80709,Deduped
C:\ProgramData\Microsoft\Windows\AppRepository\Packages\Microsoft.Windows.ParentalControls_1000.22621.1.0_neutral_neutral_cw5n1h2txyewy\ActivationStore.dat.LOG2,DA39A3EE5E6B4B0D3255BFEF95601890AFD80709,Deduped
C:\ProgramData\Microsoft\Windows\AppRepository\Packages\Microsoft.Windows.PeopleExperienceHost_10.0.22621.1_neutral_neutral_cw5n1h2txyewy\ActivationStore.dat.LOG2,DA39A3EE5E6B4B0D3255BFEF95601890AFD80709,Deduped
C:\ProgramData\Microsoft\Windows\AppRepository\Packages\Microsoft.Windows.Photos_2025.11040.23001.0_x64__8wekyb3d8bbwe\ActivationStore.dat.LOG1,DA39A3EE5E6B4B0D3255BFEF95601890AFD80709,Deduped
C:\ProgramData\Microsoft\Windows\AppRepository\Packages\Microsoft.Windows.Photos_2025.11040.23001.0_x64__8wekyb3d8bbwe\ActivationStore.dat.LOG2,DA39A3EE5E6B4B0D3255BFEF95601890AFD80709,Deduped
C:\ProgramData\Microsoft\Windows\AppRepository\Packages\Microsoft.Windows.PinningConfirmationDialog_1000.22621.1.0_neutral__cw5n1h2txyewy\ActivationStore.dat.LOG2,DA39A3EE5E6B4B0D3255BFEF95601890AFD80709,Deduped
C:\ProgramData\Microsoft\Windows\AppRepository\Packages\Microsoft.Windows.PrintQueueActionCenter_1.0.1.0_neutral_neutral_cw5n1h2txyewy\ActivationStore.dat.LOG2,DA39A3EE5E6B4B0D3255BFEF95601890AFD80709,Deduped
C:\ProgramData\Microsoft\Windows\AppRepository\Packages\Microsoft.Windows.SecureAssessmentBrowser_10.0.22621.2506_neutral_neutral_cw5n1h2txyewy\ActivationStore.dat.LOG2,DA39A3EE5E6B4B0D3255BFEF95601890AFD80709,Deduped
C:\ProgramData\Microsoft\Windows\AppRepository\Packages\Microsoft.Windows.ShellExperienceHost_10.0.22621.4974_neutral_neutral_cw5n1h2txyewy\ActivationStore.dat.LOG1,DA39A3EE5E6B4B0D3255BFEF95601890AFD80709,Deduped
C:\ProgramData\Microsoft\Windows\AppRepository\Packages\Microsoft.Windows.ShellExperienceHost_10.0.22621.4974_neutral_neutral_cw5n1h2txyewy\ActivationStore.dat.LOG2,DA39A3EE5E6B4B0D3255BFEF95601890AFD80709,Deduped
C:\ProgramData\Microsoft\Windows\AppRepository\Packages\Microsoft.Windows.StartMenuExperienceHost_10.0.22621.4249_neutral_neutral_cw5n1h2txyewy\ActivationStore.dat.LOG2,DA39A3EE5E6B4B0D3255BFEF95601890AFD80709,Deduped
C:\ProgramData\Microsoft\Windows\AppRepository\Packages\Microsoft.Windows.XGpuEjectDialog_10.0.22621.1_neutral_neutral_cw5n1h2txyewy\ActivationStore.dat.LOG2,DA39A3EE5E6B4B0D3255BFEF95601890AFD80709,Deduped
C:\ProgramData\Microsoft\Windows\AppRepository\Packages\Microsoft.WindowsAlarms_11.2503.4.0_x64__8wekyb3d8bbwe\ActivationStore.dat.LOG2,DA39A3EE5E6B4B0D3255BFEF95601890AFD80709,Deduped
C:\ProgramData\Microsoft\Windows\AppRepository\Packages\Microsoft.WindowsAppRuntime.1.4_4000.1309.2056.0_x64__8wekyb3d8bbwe\ActivationStore.dat.LOG1,DA39A3EE5E6B4B0D3255BFEF95601890AFD80709,Deduped
C:\ProgramData\Microsoft\Windows\AppRepository\Packages\Microsoft.WindowsAppRuntime.1.4_4000.1309.2056.0_x64__8wekyb3d8bbwe\ActivationStore.dat.LOG2,DA39A3EE5E6B4B0D3255BFEF95601890AFD80709,Deduped
C:\ProgramData\Microsoft\Windows\AppRepository\Packages\Microsoft.WindowsAppRuntime.1.4_4000.1309.2056.0_x86__8wekyb3d8bbwe\ActivationStore.dat.LOG1,DA39A3EE5E6B4B0D3255BFEF95601890AFD80709,Deduped
C:\ProgramData\Microsoft\Windows\AppRepository\Packages\Microsoft.WindowsAppRuntime.1.4_4000.1309.2056.0_x86__8wekyb3d8bbwe\ActivationStore.dat.LOG2,DA39A3EE5E6B4B0D3255BFEF95601890AFD80709,Deduped
C:\ProgramData\Microsoft\Windows\AppRepository\Packages\Microsoft.WindowsAppRuntime.1.5_5001.373.1736.0_x64__8wekyb3d8bbwe\ActivationStore.dat.LOG1,DA39A3EE5E6B4B0D3255BFEF95601890AFD80709,Deduped
C:\ProgramData\Microsoft\Windows\AppRepository\Packages\Microsoft.WindowsAppRuntime.1.5_5001.373.1736.0_x64__8wekyb3d8bbwe\ActivationStore.dat.LOG2,DA39A3EE5E6B4B0D3255BFEF95601890AFD80709,Deduped
C:\ProgramData\Microsoft\Windows\AppRepository\Packages\Microsoft.WindowsAppRuntime.1.5_5001.373.1736.0_x86__8wekyb3d8bbwe\ActivationStore.dat.LOG1,DA39A3EE5E6B4B0D3255BFEF95601890AFD80709,Deduped
C:\ProgramData\Microsoft\Windows\AppRepository\Packages\Microsoft.WindowsAppRuntime.1.5_5001.373.1736.0_x86__8wekyb3d8bbwe\ActivationStore.dat.LOG2,DA39A3EE5E6B4B0D3255BFEF95601890AFD80709,Deduped
C:\ProgramData\Microsoft\Windows\AppRepository\Packages\Microsoft.WindowsAppRuntime.1.6_6000.486.517.0_x64__8wekyb3d8bbwe\ActivationStore.dat.LOG1,DA39A3EE5E6B4B0D3255BFEF95601890AFD80709,Deduped
C:\ProgramData\Microsoft\Windows\AppRepository\Packages\Microsoft.WindowsAppRuntime.1.6_6000.486.517.0_x64__8wekyb3d8bbwe\ActivationStore.dat.LOG2,DA39A3EE5E6B4B0D3255BFEF95601890AFD80709,Deduped
C:\ProgramData\Microsoft\Windows\AppRepository\Packages\Microsoft.WindowsAppRuntime.1.6_6000.486.517.0_x86__8wekyb3d8bbwe\ActivationStore.dat.LOG1,DA39A3EE5E6B4B0D3255BFEF95601890AFD80709,Deduped
C:\ProgramData\Microsoft\Windows\AppRepository\Packages\Microsoft.WindowsAppRuntime.1.6_6000.486.517.0_x86__8wekyb3d8bbwe\ActivationStore.dat.LOG2,DA39A3EE5E6B4B0D3255BFEF95601890AFD80709,Deduped
C:\ProgramData\Microsoft\Windows\AppRepository\Packages\Microsoft.WindowsAppRuntime.CBS.1.6_6000.410.1743.0_x64__8wekyb3d8bbwe\ActivationStore.dat.LOG1,DA39A3EE5E6B4B0D3255BFEF95601890AFD80709,Deduped
C:\ProgramData\Microsoft\Windows\AppRepository\Packages\Microsoft.WindowsAppRuntime.CBS.1.6_6000.410.1743.0_x64__8wekyb3d8bbwe\ActivationStore.dat.LOG2,DA39A3EE5E6B4B0D3255BFEF95601890AFD80709,Deduped
C:\ProgramData\Microsoft\Windows\AppRepository\Packages\Microsoft.WindowsAppRuntime.CBS_4000.1309.2056.0_x64__8wekyb3d8bbwe\ActivationStore.dat.LOG1,DA39A3EE5E6B4B0D3255BFEF95601890AFD80709,Deduped
C:\ProgramData\Microsoft\Windows\AppRepository\Packages\Microsoft.WindowsAppRuntime.CBS_4000.1309.2056.0_x64__8wekyb3d8bbwe\ActivationStore.dat.LOG2,DA39A3EE5E6B4B0D3255BFEF95601890AFD80709,Deduped
C:\ProgramData\Microsoft\Windows\AppRepository\Packages\Microsoft.WindowsCalculator_11.2502.2.0_x64__8wekyb3d8bbwe\ActivationStore.dat.LOG2,DA39A3EE5E6B4B0D3255BFEF95601890AFD80709,Deduped
C:\ProgramData\Microsoft\Windows\AppRepository\Packages\Microsoft.WindowsCamera_2025.2502.17.0_x64__8wekyb3d8bbwe\ActivationStore.dat.LOG2,DA39A3EE5E6B4B0D3255BFEF95601890AFD80709,Deduped
C:\ProgramData\Microsoft\Windows\AppRepository\Packages\microsoft.windowscommunicationsapps_16005.14326.22342.0_x64__8wekyb3d8bbwe\ActivationStore.dat.LOG1,DA39A3EE5E6B4B0D3255BFEF95601890AFD80709,Deduped
C:\ProgramData\Microsoft\Windows\AppRepository\Packages\microsoft.windowscommunicationsapps_16005.14326.22342.0_x64__8wekyb3d8bbwe\ActivationStore.dat.LOG2,DA39A3EE5E6B4B0D3255BFEF95601890AFD80709,Deduped
C:\ProgramData\Microsoft\Windows\AppRepository\Packages\Microsoft.WindowsFeedbackHub_1.2503.11103.0_x64__8wekyb3d8bbwe\ActivationStore.dat.LOG2,DA39A3EE5E6B4B0D3255BFEF95601890AFD80709,Deduped
C:\ProgramData\Microsoft\Windows\AppRepository\Packages\Microsoft.WindowsMaps_1.0.64.0_x64__8wekyb3d8bbwe\ActivationStore.dat.LOG2,DA39A3EE5E6B4B0D3255BFEF95601890AFD80709,Deduped
C:\ProgramData\Microsoft\Windows\AppRepository\Packages\Microsoft.WindowsNotepad_11.2501.31.0_x64__8wekyb3d8bbwe\ActivationStore.dat.LOG2,DA39A3EE5E6B4B0D3255BFEF95601890AFD80709,Deduped
C:\ProgramData\Microsoft\Windows\AppRepository\Packages\Microsoft.WindowsSoundRecorder_11.2502.0.0_x64__8wekyb3d8bbwe\ActivationStore.dat.LOG2,DA39A3EE5E6B4B0D3255BFEF95601890AFD80709,Deduped
C:\ProgramData\Microsoft\Windows\AppRepository\Packages\Microsoft.WindowsStore_22504.1401.19.0_x64__8wekyb3d8bbwe\ActivationStore.dat.LOG1,DA39A3EE5E6B4B0D3255BFEF95601890AFD80709,Deduped
C:\ProgramData\Microsoft\Windows\AppRepository\Packages\Microsoft.WindowsStore_22504.1401.19.0_x64__8wekyb3d8bbwe\ActivationStore.dat.LOG2,DA39A3EE5E6B4B0D3255BFEF95601890AFD80709,Deduped
C:\ProgramData\Microsoft\Windows\AppRepository\Packages\Microsoft.WindowsTerminal_1.20.11781.0_x64__8wekyb3d8bbwe\ActivationStore.dat.LOG2,DA39A3EE5E6B4B0D3255BFEF95601890AFD80709,Deduped
C:\ProgramData\Microsoft\Windows\AppRepository\Packages\Microsoft.Xbox.TCUI_1.24.10001.0_x64__8wekyb3d8bbwe\ActivationStore.dat.LOG2,DA39A3EE5E6B4B0D3255BFEF95601890AFD80709,Deduped
C:\ProgramData\Microsoft\Windows\AppRepository\Packages\Microsoft.XboxApp_48.104.4001.0_x64__8wekyb3d8bbwe\ActivationStore.dat.LOG2,DA39A3EE5E6B4B0D3255BFEF95601890AFD80709,Deduped
C:\ProgramData\Microsoft\Windows\AppRepository\Packages\Microsoft.XboxGameCallableUI_1000.22621.1.0_neutral_neutral_cw5n1h2txyewy\ActivationStore.dat.LOG2,DA39A3EE5E6B4B0D3255BFEF95601890AFD80709,Deduped
C:\ProgramData\Microsoft\Windows\AppRepository\Packages\Microsoft.XboxGameOverlay_1.54.4001.0_x64__8wekyb3d8bbwe\ActivationStore.dat.LOG2,DA39A3EE5E6B4B0D3255BFEF95601890AFD80709,Deduped
C:\ProgramData\Microsoft\Windows\AppRepository\Packages\Microsoft.XboxGamingOverlay_7.225.4081.0_x64__8wekyb3d8bbwe\ActivationStore.dat.LOG2,DA39A3EE5E6B4B0D3255BFEF95601890AFD80709,Deduped
C:\ProgramData\Microsoft\Windows\AppRepository\Packages\Microsoft.XboxIdentityProvider_12.115.1001.0_x64__8wekyb3d8bbwe\ActivationStore.dat.LOG2,DA39A3EE5E6B4B0D3255BFEF95601890AFD80709,Deduped
C:\ProgramData\Microsoft\Windows\AppRepository\Packages\Microsoft.XboxSpeechToTextOverlay_1.21.13002.0_x64__8wekyb3d8bbwe\ActivationStore.dat.LOG2,DA39A3EE5E6B4B0D3255BFEF95601890AFD80709,Deduped
C:\ProgramData\Microsoft\Windows\AppRepository\Packages\Microsoft.YourPhone_1.25032.82.0_x64__8wekyb3d8bbwe\ActivationStore.dat.LOG1,DA39A3EE5E6B4B0D3255BFEF95601890AFD80709,Deduped
C:\ProgramData\Microsoft\Windows\AppRepository\Packages\Microsoft.YourPhone_1.25032.82.0_x64__8wekyb3d8bbwe\ActivationStore.dat.LOG2,DA39A3EE5E6B4B0D3255BFEF95601890AFD80709,Deduped
C:\ProgramData\Microsoft\Windows\AppRepository\Packages\Microsoft.ZuneMusic_11.2504.4.0_x64__8wekyb3d8bbwe\ActivationStore.dat.LOG2,DA39A3EE5E6B4B0D3255BFEF95601890AFD80709,Deduped
C:\ProgramData\Microsoft\Windows\AppRepository\Packages\Microsoft.ZuneVideo_10.25041.10021.0_x64__8wekyb3d8bbwe\ActivationStore.dat.LOG2,DA39A3EE5E6B4B0D3255BFEF95601890AFD80709,Deduped
C:\ProgramData\Microsoft\Windows\AppRepository\Packages\MicrosoftWindows.Client.CBS_1000.22700.1081.0_x64__cw5n1h2txyewy\ActivationStore.dat.LOG1,DA39A3EE5E6B4B0D3255BFEF95601890AFD80709,Deduped
C:\ProgramData\Microsoft\Windows\AppRepository\Packages\MicrosoftWindows.Client.CBS_1000.22700.1081.0_x64__cw5n1h2txyewy\ActivationStore.dat.LOG2,DA39A3EE5E6B4B0D3255BFEF95601890AFD80709,Deduped
C:\ProgramData\Microsoft\Windows\AppRepository\Packages\MicrosoftWindows.Client.Core_1000.22700.1020.0_x64__cw5n1h2txyewy\ActivationStore.dat.LOG1,DA39A3EE5E6B4B0D3255BFEF95601890AFD80709,Deduped
C:\ProgramData\Microsoft\Windows\AppRepository\Packages\MicrosoftWindows.Client.Core_1000.22700.1020.0_x64__cw5n1h2txyewy\ActivationStore.dat.LOG2,DA39A3EE5E6B4B0D3255BFEF95601890AFD80709,Deduped
C:\ProgramData\Microsoft\Windows\AppRepository\Packages\MicrosoftWindows.Client.FileExp_1000.22700.1000.0_x64__cw5n1h2txyewy\ActivationStore.dat.LOG2,DA39A3EE5E6B4B0D3255BFEF95601890AFD80709,Deduped
C:\ProgramData\Microsoft\Windows\AppRepository\Packages\MicrosoftWindows.Client.WebExperience_525.10401.30.0_x64__cw5n1h2txyewy\ActivationStore.dat.LOG1,DA39A3EE5E6B4B0D3255BFEF95601890AFD80709,Deduped
C:\ProgramData\Microsoft\Windows\AppRepository\Packages\MicrosoftWindows.Client.WebExperience_525.10401.30.0_x64__cw5n1h2txyewy\ActivationStore.dat.LOG2,DA39A3EE5E6B4B0D3255BFEF95601890AFD80709,Deduped
C:\ProgramData\Microsoft\Windows\AppRepository\Packages\MicrosoftWindows.CrossDevice_1.25032.52.0_x64__cw5n1h2txyewy\ActivationStore.dat.LOG2,DA39A3EE5E6B4B0D3255BFEF95601890AFD80709,Deduped
C:\ProgramData\Microsoft\Windows\AppRepository\Packages\MicrosoftWindows.LKG.AccountsService_1000.22621.5331.0_x64__cw5n1h2txyewy\ActivationStore.dat.LOG2,DA39A3EE5E6B4B0D3255BFEF95601890AFD80709,Deduped
C:\ProgramData\Microsoft\Windows\AppRepository\Packages\MicrosoftWindows.LKG.DesktopSpotlight_1000.22621.5331.0_x64__cw5n1h2txyewy\ActivationStore.dat.LOG2,DA39A3EE5E6B4B0D3255BFEF95601890AFD80709,Deduped
C:\ProgramData\Microsoft\Windows\AppRepository\Packages\MicrosoftWindows.LKG.IrisService_1000.22621.5331.0_x64__cw5n1h2txyewy\ActivationStore.dat.LOG2,DA39A3EE5E6B4B0D3255BFEF95601890AFD80709,Deduped
C:\ProgramData\Microsoft\Windows\AppRepository\Packages\MicrosoftWindows.LKG.RulesEngine_1000.22621.5331.0_x64__cw5n1h2txyewy\ActivationStore.dat.LOG2,DA39A3EE5E6B4B0D3255BFEF95601890AFD80709,Deduped
C:\ProgramData\Microsoft\Windows\AppRepository\Packages\MicrosoftWindows.LKG.TwinSxS_1000.22621.5331.0_x64__cw5n1h2txyewy\ActivationStore.dat.LOG2,DA39A3EE5E6B4B0D3255BFEF95601890AFD80709,Deduped
C:\ProgramData\Microsoft\Windows\AppRepository\Packages\NcsiUwpApp_1000.22621.1.0_neutral_neutral_8wekyb3d8bbwe\ActivationStore.dat.LOG2,DA39A3EE5E6B4B0D3255BFEF95601890AFD80709,Deduped
C:\ProgramData\Microsoft\Windows\AppRepository\Packages\RealtekSemiconductorCorp.HPAudioControl_2.51.331.0_x64__dt26b99r8h8gj\ActivationStore.dat.LOG2,DA39A3EE5E6B4B0D3255BFEF95601890AFD80709,Deduped
C:\ProgramData\Microsoft\Windows\AppRepository\Packages\Windows.CBSPreview_10.0.19580.1000_neutral_neutral_cw5n1h2txyewy\ActivationStore.dat.LOG2,DA39A3EE5E6B4B0D3255BFEF95601890AFD80709,Deduped
C:\ProgramData\Microsoft\Windows\AppRepository\Packages\windows.immersivecontrolpanel_10.0.6.1000_neutral_neutral_cw5n1h2txyewy\ActivationStore.dat.LOG2,DA39A3EE5E6B4B0D3255BFEF95601890AFD80709,Deduped
C:\ProgramData\Microsoft\Windows\AppRepository\Packages\Windows.PrintDialog_6.2.2.0_neutral_neutral_cw5n1h2txyewy\ActivationStore.dat.LOG2,DA39A3EE5E6B4B0D3255BFEF95601890AFD80709,Deduped
C:\ProgramData\Microsoft\Windows\RetailDemo\OfflineContent\Packages\Microsoft.DemoHub_8wekyb3d8bbwe\Microsoft.NET.Native.Framework.DemoHub_amd64.appx,C6F59510C8B9A9678500440264EDA1D5F14FFDA1,Deduped
C:\ProgramData\Microsoft\Windows\RetailDemo\OfflineContent\Packages\Microsoft.DemoHub_8wekyb3d8bbwe\Microsoft.NET.Native.Runtime.DemoHub_amd64.appx,C196AFD453D6CD9A99A23E752ABB6195D3DB671C,Deduped
C:\ProgramData\Microsoft\Windows\RetailDemo\OfflineContent\Packages\Microsoft.DemoHub_8wekyb3d8bbwe\Microsoft.VCLibs.DemoHub_amd64.appx,84304BB4B540F034BDDAF8CB78AEFBD8FA15F4E9,Deduped
C:\ProgramData\Microsoft\Windows\RetailDemo\OfflineContent\Packages\Microsoft.MicrosoftDemoDFT_8wekyb3d8bbwe\Microsoft.NET.Native.Framework.MicrosoftDemoDFT_amd64.appx,C6F59510C8B9A9678500440264EDA1D5F14FFDA1,Deduped
C:\ProgramData\Microsoft\Windows\RetailDemo\OfflineContent\Packages\Microsoft.MicrosoftDemoDFT_8wekyb3d8bbwe\Microsoft.NET.Native.Runtime.MicrosoftDemoDFT_amd64.appx,C196AFD453D6CD9A99A23E752ABB6195D3DB671C,Deduped
C:\ProgramData\Microsoft\Windows\RetailDemo\OfflineContent\Packages\Microsoft.MicrosoftDemoDFT_8wekyb3d8bbwe\Microsoft.VCLibs.MicrosoftDemoDFT_amd64.appx,84304BB4B540F034BDDAF8CB78AEFBD8FA15F4E9,Deduped
C:\ProgramData\Microsoft\Windows\RetailDemo\OfflineContent\Packages\Microsoft.MicrosoftRetailDemoProvisioning_8wekyb3d8bbwe\Microsoft.NET.Native.Framework.MicrosoftRetailDemoProvisioning_amd64.appx,C6F59510C8B9A9678500440264EDA1D5F14FFDA1,Deduped
C:\ProgramData\Microsoft\Windows\RetailDemo\OfflineContent\Packages\Microsoft.MicrosoftRetailDemoProvisioning_8wekyb3d8bbwe\Microsoft.NET.Native.Runtime.MicrosoftRetailDemoProvisioning_amd64.appx,C196AFD453D6CD9A99A23E752ABB6195D3DB671C,Deduped
C:\ProgramData\Microsoft\Windows\RetailDemo\OfflineContent\Packages\Microsoft.MicrosoftRetailDemoProvisioning_8wekyb3d8bbwe\Microsoft.VCLibs.MicrosoftRetailDemoProvisioning_amd64.appx,84304BB4B540F034BDDAF8CB78AEFBD8FA15F4E9,Deduped
C:\ProgramData\Microsoft\ClickToRun\MachineData\Catalog\Packages\{9AC08E99-230B-47E8-9721-4577B7F124EA}\{1A8308C7-90D1-4200-B16E-646F163A08E8}\UserDeploymentConfiguration.xml,9B15EBE33A771A7E12CD966FD8B583DA06914015,Deduped
C:\Windows\System32\winevt\Logs\Microsoft-Windows-Windows Defender%4WHC.evtx,C70BFFF0A559AF8CB76AD80A504DD55BD6CC484D,Deduped
C:\ProgramData\Microsoft\Windows Defender\Support\MPDeviceControl-20250529-141655.log,D62636D8CAEC13F04E28442A0A6FA1AFEB024BBB,Deduped
C:\Users\Ernes\AppData\Local\Microsoft\OneDrive\settings\FileSyncFSCache.db,EC8416E1A9A107B359C46A3961EEF303CE170694,Deduped
C:\Users\Ernes\AppData\Local\Microsoft\OneDrive\settings\Personal\downloads3.txt,DA39A3EE5E6B4B0D3255BFEF95601890AFD80709,Deduped
C:\Users\Ernes\AppData\Local\Microsoft\OneDrive\settings\Personal\SafeDelete.db-wal,DA39A3EE5E6B4B0D3255BFEF95601890AFD80709,Deduped
C:\Users\Ernes\AppData\Local\Microsoft\OneDrive\settings\Personal\SettingsDatabase.db,EC8416E1A9A107B359C46A3961EEF303CE170694,Deduped
C:\Windows\System32\winevt\logs\HardwareEvents.evtx,C70BFFF0A559AF8CB76AD80A504DD55BD6CC484D,Deduped
C:\Windows\System32\winevt\logs\HPNotifications Application.evtx,C70BFFF0A559AF8CB76AD80A504DD55BD6CC484D,Deduped
C:\Windows\System32\winevt\logs\IntelAudioServiceLog.evtx,C70BFFF0A559AF8CB76AD80A504DD55BD6CC484D,Deduped
C:\Windows\System32\winevt\logs\Internet Explorer.evtx,C70BFFF0A559AF8CB76AD80A504DD55BD6CC484D,Deduped
C:\Windows\System32\winevt\logs\Key Management Service.evtx,C70BFFF0A559AF8CB76AD80A504DD55BD6CC484D,Deduped
C:\Windows\System32\winevt\logs\Microsoft-Windows-Application-Experience%4Program-Compatibility-Troubleshooter.evtx,C70BFFF0A559AF8CB76AD80A504DD55BD6CC484D,Deduped
C:\Windows\System32\winevt\logs\Microsoft-Windows-Application-Experience%4Program-Inventory.evtx,C70BFFF0A559AF8CB76AD80A504DD55BD6CC484D,Deduped
C:\Windows\System32\winevt\logs\Microsoft-Windows-Application-Experience%4Steps-Recorder.evtx,C70BFFF0A559AF8CB76AD80A504DD55BD6CC484D,Deduped
C:\Windows\System32\winevt\logs\Microsoft-Windows-AppLocker%4Packaged app-Deployment.evtx,C70BFFF0A559AF8CB76AD80A504DD55BD6CC484D,Deduped
C:\Windows\System32\winevt\logs\Microsoft-Windows-AppLocker%4Packaged app-Execution.evtx,C70BFFF0A559AF8CB76AD80A504DD55BD6CC484D,Deduped
C:\Windows\System32\winevt\logs\Microsoft-Windows-Crypto-DPAPI%4BackUpKeySvc.evtx,C70BFFF0A559AF8CB76AD80A504DD55BD6CC484D,Deduped
C:\Windows\System32\winevt\logs\Microsoft-Windows-Crypto-NCrypt%4CertInUse.evtx,C70BFFF0A559AF8CB76AD80A504DD55BD6CC484D,Deduped
C:\Windows\System32\winevt\logs\Microsoft-Windows-HotspotAuth%4Operational.evtx,C70BFFF0A559AF8CB76AD80A504DD55BD6CC484D,Deduped
C:\Windows\System32\winevt\logs\Microsoft-Windows-Kernel-PnP%4Driver Watchdog.evtx,C70BFFF0A559AF8CB76AD80A504DD55BD6CC484D,Deduped
C:\Windows\System32\winevt\logs\Microsoft-Windows-Kernel-Power%4Thermal-Operational.evtx,C70BFFF0A559AF8CB76AD80A504DD55BD6CC484D,Deduped
C:\Windows\System32\winevt\logs\Microsoft-Windows-Kernel-StoreMgr%4Operational.evtx,C70BFFF0A559AF8CB76AD80A504DD55BD6CC484D,Deduped
C:\Windows\System32\winevt\logs\Microsoft-Windows-Kernel-WHEA%4Errors.evtx,C70BFFF0A559AF8CB76AD80A504DD55BD6CC484D,Deduped
C:\Windows\System32\winevt\logs\Microsoft-Windows-PowerShell%4Admin.evtx,C70BFFF0A559AF8CB76AD80A504DD55BD6CC484D,Deduped
C:\Windows\System32\winevt\logs\Microsoft-Windows-Program-Compatibility-Assistant%4CompatAfterUpgrade.evtx,C70BFFF0A559AF8CB76AD80A504DD55BD6CC484D,Deduped
C:\Windows\System32\winevt\logs\Microsoft-Windows-PushNotification-Platform%4Admin.evtx,C70BFFF0A559AF8CB76AD80A504DD55BD6CC484D,Deduped
C:\Windows\System32\winevt\logs\Microsoft-Windows-Shell-Core%4ActionCenter.evtx,C70BFFF0A559AF8CB76AD80A504DD55BD6CC484D,Deduped
C:\Windows\System32\winevt\logs\Microsoft-Windows-Shell-Core%4LogonTasksChannel.evtx,C70BFFF0A559AF8CB76AD80A504DD55BD6CC484D,Deduped
C:\Windows\System32\winevt\logs\Microsoft-Windows-SmbClient%4Audit.evtx,C70BFFF0A559AF8CB76AD80A504DD55BD6CC484D,Deduped
C:\Windows\System32\winevt\logs\Microsoft-Windows-SMBClient%4Operational.evtx,C70BFFF0A559AF8CB76AD80A504DD55BD6CC484D,Deduped
C:\Windows\System32\winevt\logs\Microsoft-Windows-SMBServer%4Audit.evtx,C70BFFF0A559AF8CB76AD80A504DD55BD6CC484D,Deduped
C:\Windows\System32\winevt\logs\Microsoft-Windows-SMBServer%4Connectivity.evtx,C70BFFF0A559AF8CB76AD80A504DD55BD6CC484D,Deduped
C:\Windows\System32\winevt\logs\Microsoft-Windows-SMBServer%4Security.evtx,C70BFFF0A559AF8CB76AD80A504DD55BD6CC484D,Deduped
C:\Windows\System32\winevt\logs\Microsoft-Windows-StateRepository%4Restricted.evtx,C70BFFF0A559AF8CB76AD80A504DD55BD6CC484D,Deduped
C:\Windows\System32\winevt\logs\Microsoft-Windows-StorageSpaces-Driver%4Diagnostic.evtx,C70BFFF0A559AF8CB76AD80A504DD55BD6CC484D,Deduped
C:\Windows\System32\winevt\logs\Microsoft-Windows-StorageSpaces-ManagementAgent%4WHC.evtx,C70BFFF0A559AF8CB76AD80A504DD55BD6CC484D,Deduped
C:\Windows\System32\winevt\logs\Microsoft-Windows-TerminalServices-LocalSessionManager%4Admin.evtx,C70BFFF0A559AF8CB76AD80A504DD55BD6CC484D,Deduped
C:\Windows\System32\winevt\logs\Microsoft-Windows-UserPnp%4ActionCenter.evtx,C70BFFF0A559AF8CB76AD80A504DD55BD6CC484D,Deduped
C:\Windows\System32\winevt\logs\Microsoft-Windows-Windows Firewall With Advanced Security%4ConnectionSecurity.evtx,C70BFFF0A559AF8CB76AD80A504DD55BD6CC484D,Deduped
C:\Windows\System32\winevt\logs\Microsoft-Windows-Windows Firewall With Advanced Security%4FirewallDiagnostics.evtx,C70BFFF0A559AF8CB76AD80A504DD55BD6CC484D,Deduped
C:\Windows\System32\winevt\logs\Microsoft-Windows-WorkFolders%4WHC.evtx,C70BFFF0A559AF8CB76AD80A504DD55BD6CC484D,Deduped
C:\Windows\System32\winevt\logs\Microsoft-WindowsPhone-Connectivity-WiFiConnSvc-Channel.evtx,C70BFFF0A559AF8CB76AD80A504DD55BD6CC484D,Deduped
C:\Windows\System32\WDI\LogFiles\WdiContextLog.etl.001,2044C441BB30ECBC1E4C45ADEEEC0536C64072A8,Deduped
C:\Windows\System32\LogFiles\WMI\RtBackup\EtwRTDCPrinterEventTraceSession.etl,DA39A3EE5E6B4B0D3255BFEF95601890AFD80709,Deduped
C:\Windows\System32\LogFiles\WMI\RtBackup\EtwRTUBPM.etl,0D0E47938F6E00166E7352732DDFB7C610F44DB2,Deduped
C:\Windows\System32\LogFiles\WMI\RtBackup\EtwRTWFP-IPsec Diagnostics.etl,DA39A3EE5E6B4B0D3255BFEF95601890AFD80709,Deduped
C:\Windows\System32\LogFiles\WMI\RtBackup\EtwRTWINNETESP.etl,DA39A3EE5E6B4B0D3255BFEF95601890AFD80709,Deduped
C:\Users\Ernes\AppData\Local\BraveSoftware\Brave-Browser\User Data\Default\Favicons-journal,DA39A3EE5E6B4B0D3255BFEF95601890AFD80709,Deduped
C:\Users\Ernes\AppData\Local\BraveSoftware\Brave-Browser\User Data\Default\Shortcuts-journal,DA39A3EE5E6B4B0D3255BFEF95601890AFD80709,Deduped
C:\Users\Ernes\AppData\Local\BraveSoftware\Brave-Browser\User Data\Default\Web Data-journal,DA39A3EE5E6B4B0D3255BFEF95601890AFD80709,Deduped
C:\ProgramData\Microsoft\Windows Defender\IMpService77BDAF73-B396-481F-9042-AD358843EC24.lock,DA39A3EE5E6B4B0D3255BFEF95601890AFD80709,Deduped
C:\ProgramData\Microsoft\Diagnosis\ScenariosSqlStore\EventStore.db-wal,DA39A3EE5E6B4B0D3255BFEF95601890AFD80709,Deduped
C:\ProgramData\Microsoft\Windows Defender\Scans\MpDiag.bin,DA39A3EE5E6B4B0D3255BFEF95601890AFD80709,Deduped
C:\ProgramData\Microsoft\Windows\RetailDemo\OfflineContent\Packages\Microsoft.DemoHub_8wekyb3d8bbwe\Microsoft.DemoHub_8wekyb3d8bbwe.appx,5CAEA0FD31C5E1EB9470B61C147C953D1993480F,Deduped
